inventory_id,date,year,month,month_name,quarter,product_id,product_name,category,opening_stock,received_qty,dispatched_qty,closing_stock,reorder_level,stock_status
IN000001,2023-04-01,2023,4,April,Q2,P01,Milk Bulk 1L,Milk Bulk,174,121,137,158,200,Low
IN000002,2023-04-01,2023,4,April,Q2,P02,Milk Packet 500ml,Milk Packet,277,132,139,270,500,Low
IN000003,2023-04-01,2023,4,April,Q2,P03,Milk Packet 200ml,Milk Packet,166,91,241,16,500,Critical
IN000004,2023-04-01,2023,4,April,Q2,P04,Paneer 200g,Paneer,286,67,106,247,30,OK
IN000005,2023-04-01,2023,4,April,Q2,P05,Paneer 500g,Paneer,286,242,199,329,30,OK
IN000006,2023-04-01,2023,4,April,Q2,P06,Curd 400g,Curd,108,106,86,128,80,OK
IN000007,2023-04-01,2023,4,April,Q2,P07,Curd 1kg,Curd,148,105,66,187,80,OK
IN000008,2023-04-01,2023,4,April,Q2,P08,Ghee 500ml,Ghee,267,51,95,223,15,OK
IN000009,2023-04-01,2023,4,April,Q2,P09,Ghee 1L,Ghee,215,189,167,237,15,OK
IN000010,2023-04-01,2023,4,April,Q2,P10,Butter 100g,Butter,241,241,180,302,25,OK
IN000011,2023-04-01,2023,4,April,Q2,P11,Butter 500g,Butter,173,259,115,317,25,OK
IN000012,2023-04-01,2023,4,April,Q2,P12,Cream 200ml,Cream,247,182,126,303,12,OK
IN000013,2023-04-03,2023,4,April,Q2,P01,Milk Bulk 1L,Milk Bulk,158,54,192,20,200,Critical
IN000014,2023-04-03,2023,4,April,Q2,P02,Milk Packet 500ml,Milk Packet,270,56,192,134,500,Critical
IN000015,2023-04-03,2023,4,April,Q2,P03,Milk Packet 200ml,Milk Packet,16,122,138,0,500,Critical
IN000016,2023-04-03,2023,4,April,Q2,P04,Paneer 200g,Paneer,247,91,153,185,30,OK
IN000017,2023-04-03,2023,4,April,Q2,P05,Paneer 500g,Paneer,329,273,244,358,30,OK
IN000018,2023-04-03,2023,4,April,Q2,P06,Curd 400g,Curd,128,80,169,39,80,Critical
IN000019,2023-04-03,2023,4,April,Q2,P07,Curd 1kg,Curd,187,199,149,237,80,OK
IN000020,2023-04-03,2023,4,April,Q2,P08,Ghee 500ml,Ghee,223,99,215,107,15,OK
IN000021,2023-04-03,2023,4,April,Q2,P09,Ghee 1L,Ghee,237,201,213,225,15,OK
IN000022,2023-04-03,2023,4,April,Q2,P10,Butter 100g,Butter,302,121,133,290,25,OK
IN000023,2023-04-03,2023,4,April,Q2,P11,Butter 500g,Butter,317,142,269,190,25,OK
IN000024,2023-04-03,2023,4,April,Q2,P12,Cream 200ml,Cream,303,249,277,275,12,OK
IN000025,2023-04-04,2023,4,April,Q2,P01,Milk Bulk 1L,Milk Bulk,20,56,76,0,200,Critical
IN000026,2023-04-04,2023,4,April,Q2,P02,Milk Packet 500ml,Milk Packet,134,238,83,289,500,Low
IN000027,2023-04-04,2023,4,April,Q2,P03,Milk Packet 200ml,Milk Packet,0,202,139,63,500,Critical
IN000028,2023-04-04,2023,4,April,Q2,P04,Paneer 200g,Paneer,185,110,214,81,30,OK
IN000029,2023-04-04,2023,4,April,Q2,P05,Paneer 500g,Paneer,358,238,48,548,30,OK
IN000030,2023-04-04,2023,4,April,Q2,P06,Curd 400g,Curd,39,148,187,0,80,Critical
IN000031,2023-04-04,2023,4,April,Q2,P07,Curd 1kg,Curd,237,87,264,60,80,Low
IN000032,2023-04-04,2023,4,April,Q2,P08,Ghee 500ml,Ghee,107,76,183,0,15,Critical
IN000033,2023-04-04,2023,4,April,Q2,P09,Ghee 1L,Ghee,225,54,170,109,15,OK
IN000034,2023-04-04,2023,4,April,Q2,P10,Butter 100g,Butter,290,178,276,192,25,OK
IN000035,2023-04-04,2023,4,April,Q2,P11,Butter 500g,Butter,190,201,201,190,25,OK
IN000036,2023-04-04,2023,4,April,Q2,P12,Cream 200ml,Cream,275,236,251,260,12,OK
IN000037,2023-04-05,2023,4,April,Q2,P01,Milk Bulk 1L,Milk Bulk,0,275,230,45,200,Critical
IN000038,2023-04-05,2023,4,April,Q2,P02,Milk Packet 500ml,Milk Packet,289,74,114,249,500,Critical
IN000039,2023-04-05,2023,4,April,Q2,P03,Milk Packet 200ml,Milk Packet,63,225,201,87,500,Critical
IN000040,2023-04-05,2023,4,April,Q2,P04,Paneer 200g,Paneer,81,150,141,90,30,OK
IN000041,2023-04-05,2023,4,April,Q2,P05,Paneer 500g,Paneer,548,155,74,629,30,OK
IN000042,2023-04-05,2023,4,April,Q2,P06,Curd 400g,Curd,0,175,166,9,80,Critical
IN000043,2023-04-05,2023,4,April,Q2,P07,Curd 1kg,Curd,60,154,163,51,80,Low
IN000044,2023-04-05,2023,4,April,Q2,P08,Ghee 500ml,Ghee,0,100,100,0,15,Critical
IN000045,2023-04-05,2023,4,April,Q2,P09,Ghee 1L,Ghee,109,202,40,271,15,OK
IN000046,2023-04-05,2023,4,April,Q2,P10,Butter 100g,Butter,192,55,55,192,25,OK
IN000047,2023-04-05,2023,4,April,Q2,P11,Butter 500g,Butter,190,91,89,192,25,OK
IN000048,2023-04-05,2023,4,April,Q2,P12,Cream 200ml,Cream,260,242,184,318,12,OK
IN000049,2023-04-06,2023,4,April,Q2,P01,Milk Bulk 1L,Milk Bulk,45,293,119,219,200,OK
IN000050,2023-04-06,2023,4,April,Q2,P02,Milk Packet 500ml,Milk Packet,249,134,253,130,500,Critical
IN000051,2023-04-06,2023,4,April,Q2,P03,Milk Packet 200ml,Milk Packet,87,78,99,66,500,Critical
IN000052,2023-04-06,2023,4,April,Q2,P04,Paneer 200g,Paneer,90,126,216,0,30,Critical
IN000053,2023-04-06,2023,4,April,Q2,P05,Paneer 500g,Paneer,629,254,224,659,30,OK
IN000054,2023-04-06,2023,4,April,Q2,P06,Curd 400g,Curd,9,141,142,8,80,Critical
IN000055,2023-04-06,2023,4,April,Q2,P07,Curd 1kg,Curd,51,185,106,130,80,OK
IN000056,2023-04-06,2023,4,April,Q2,P08,Ghee 500ml,Ghee,0,121,121,0,15,Critical
IN000057,2023-04-06,2023,4,April,Q2,P09,Ghee 1L,Ghee,271,282,118,435,15,OK
IN000058,2023-04-06,2023,4,April,Q2,P10,Butter 100g,Butter,192,263,47,408,25,OK
IN000059,2023-04-06,2023,4,April,Q2,P11,Butter 500g,Butter,192,151,205,138,25,OK
IN000060,2023-04-06,2023,4,April,Q2,P12,Cream 200ml,Cream,318,66,143,241,12,OK
IN000061,2023-04-07,2023,4,April,Q2,P01,Milk Bulk 1L,Milk Bulk,219,111,236,94,200,Critical
IN000062,2023-04-07,2023,4,April,Q2,P02,Milk Packet 500ml,Milk Packet,130,260,253,137,500,Critical
IN000063,2023-04-07,2023,4,April,Q2,P03,Milk Packet 200ml,Milk Packet,66,212,67,211,500,Critical
IN000064,2023-04-07,2023,4,April,Q2,P04,Paneer 200g,Paneer,0,150,61,89,30,OK
IN000065,2023-04-07,2023,4,April,Q2,P05,Paneer 500g,Paneer,659,212,94,777,30,OK
IN000066,2023-04-07,2023,4,April,Q2,P06,Curd 400g,Curd,8,148,88,68,80,Low
IN000067,2023-04-07,2023,4,April,Q2,P07,Curd 1kg,Curd,130,268,48,350,80,OK
IN000068,2023-04-07,2023,4,April,Q2,P08,Ghee 500ml,Ghee,0,107,107,0,15,Critical
IN000069,2023-04-07,2023,4,April,Q2,P09,Ghee 1L,Ghee,435,211,76,570,15,OK
IN000070,2023-04-07,2023,4,April,Q2,P10,Butter 100g,Butter,408,225,122,511,25,OK
IN000071,2023-04-07,2023,4,April,Q2,P11,Butter 500g,Butter,138,86,224,0,25,Critical
IN000072,2023-04-07,2023,4,April,Q2,P12,Cream 200ml,Cream,241,180,238,183,12,OK
IN000073,2023-04-08,2023,4,April,Q2,P01,Milk Bulk 1L,Milk Bulk,94,113,49,158,200,Low
IN000074,2023-04-08,2023,4,April,Q2,P02,Milk Packet 500ml,Milk Packet,137,170,207,100,500,Critical
IN000075,2023-04-08,2023,4,April,Q2,P03,Milk Packet 200ml,Milk Packet,211,221,252,180,500,Critical
IN000076,2023-04-08,2023,4,April,Q2,P04,Paneer 200g,Paneer,89,176,86,179,30,OK
IN000077,2023-04-08,2023,4,April,Q2,P05,Paneer 500g,Paneer,777,112,242,647,30,OK
IN000078,2023-04-08,2023,4,April,Q2,P06,Curd 400g,Curd,68,66,57,77,80,Low
IN000079,2023-04-08,2023,4,April,Q2,P07,Curd 1kg,Curd,350,76,171,255,80,OK
IN000080,2023-04-08,2023,4,April,Q2,P08,Ghee 500ml,Ghee,0,107,63,44,15,OK
IN000081,2023-04-08,2023,4,April,Q2,P09,Ghee 1L,Ghee,570,131,75,626,15,OK
IN000082,2023-04-08,2023,4,April,Q2,P10,Butter 100g,Butter,511,52,126,437,25,OK
IN000083,2023-04-08,2023,4,April,Q2,P11,Butter 500g,Butter,0,241,118,123,25,OK
IN000084,2023-04-08,2023,4,April,Q2,P12,Cream 200ml,Cream,183,216,182,217,12,OK
IN000085,2023-04-10,2023,4,April,Q2,P01,Milk Bulk 1L,Milk Bulk,158,292,75,375,200,OK
IN000086,2023-04-10,2023,4,April,Q2,P02,Milk Packet 500ml,Milk Packet,100,272,191,181,500,Critical
IN000087,2023-04-10,2023,4,April,Q2,P03,Milk Packet 200ml,Milk Packet,180,149,98,231,500,Critical
IN000088,2023-04-10,2023,4,April,Q2,P04,Paneer 200g,Paneer,179,182,272,89,30,OK
IN000089,2023-04-10,2023,4,April,Q2,P05,Paneer 500g,Paneer,647,123,240,530,30,OK
IN000090,2023-04-10,2023,4,April,Q2,P06,Curd 400g,Curd,77,57,134,0,80,Critical
IN000091,2023-04-10,2023,4,April,Q2,P07,Curd 1kg,Curd,255,70,176,149,80,OK
IN000092,2023-04-10,2023,4,April,Q2,P08,Ghee 500ml,Ghee,44,103,147,0,15,Critical
IN000093,2023-04-10,2023,4,April,Q2,P09,Ghee 1L,Ghee,626,205,93,738,15,OK
IN000094,2023-04-10,2023,4,April,Q2,P10,Butter 100g,Butter,437,293,41,689,25,OK
IN000095,2023-04-10,2023,4,April,Q2,P11,Butter 500g,Butter,123,75,198,0,25,Critical
IN000096,2023-04-10,2023,4,April,Q2,P12,Cream 200ml,Cream,217,210,55,372,12,OK
IN000097,2023-04-11,2023,4,April,Q2,P01,Milk Bulk 1L,Milk Bulk,375,233,90,518,200,OK
IN000098,2023-04-11,2023,4,April,Q2,P02,Milk Packet 500ml,Milk Packet,181,169,199,151,500,Critical
IN000099,2023-04-11,2023,4,April,Q2,P03,Milk Packet 200ml,Milk Packet,231,157,245,143,500,Critical
IN000100,2023-04-11,2023,4,April,Q2,P04,Paneer 200g,Paneer,89,148,49,188,30,OK
IN000101,2023-04-11,2023,4,April,Q2,P05,Paneer 500g,Paneer,530,77,168,439,30,OK
IN000102,2023-04-11,2023,4,April,Q2,P06,Curd 400g,Curd,0,196,179,17,80,Critical
IN000103,2023-04-11,2023,4,April,Q2,P07,Curd 1kg,Curd,149,283,179,253,80,OK
IN000104,2023-04-11,2023,4,April,Q2,P08,Ghee 500ml,Ghee,0,103,103,0,15,Critical
IN000105,2023-04-11,2023,4,April,Q2,P09,Ghee 1L,Ghee,738,196,147,787,15,OK
IN000106,2023-04-11,2023,4,April,Q2,P10,Butter 100g,Butter,689,63,247,505,25,OK
IN000107,2023-04-11,2023,4,April,Q2,P11,Butter 500g,Butter,0,80,80,0,25,Critical
IN000108,2023-04-11,2023,4,April,Q2,P12,Cream 200ml,Cream,372,208,61,519,12,OK
IN000109,2023-04-12,2023,4,April,Q2,P01,Milk Bulk 1L,Milk Bulk,518,212,73,657,200,OK
IN000110,2023-04-12,2023,4,April,Q2,P02,Milk Packet 500ml,Milk Packet,151,84,235,0,500,Critical
IN000111,2023-04-12,2023,4,April,Q2,P03,Milk Packet 200ml,Milk Packet,143,203,43,303,500,Low
IN000112,2023-04-12,2023,4,April,Q2,P04,Paneer 200g,Paneer,188,236,167,257,30,OK
IN000113,2023-04-12,2023,4,April,Q2,P05,Paneer 500g,Paneer,439,298,63,674,30,OK
IN000114,2023-04-12,2023,4,April,Q2,P06,Curd 400g,Curd,17,254,101,170,80,OK
IN000115,2023-04-12,2023,4,April,Q2,P07,Curd 1kg,Curd,253,299,127,425,80,OK
IN000116,2023-04-12,2023,4,April,Q2,P08,Ghee 500ml,Ghee,0,289,76,213,15,OK
IN000117,2023-04-12,2023,4,April,Q2,P09,Ghee 1L,Ghee,787,56,203,640,15,OK
IN000118,2023-04-12,2023,4,April,Q2,P10,Butter 100g,Butter,505,92,188,409,25,OK
IN000119,2023-04-12,2023,4,April,Q2,P11,Butter 500g,Butter,0,219,73,146,25,OK
IN000120,2023-04-12,2023,4,April,Q2,P12,Cream 200ml,Cream,519,87,175,431,12,OK
IN000121,2023-04-13,2023,4,April,Q2,P01,Milk Bulk 1L,Milk Bulk,657,201,40,818,200,OK
IN000122,2023-04-13,2023,4,April,Q2,P02,Milk Packet 500ml,Milk Packet,0,293,124,169,500,Critical
IN000123,2023-04-13,2023,4,April,Q2,P03,Milk Packet 200ml,Milk Packet,303,294,60,537,500,OK
IN000124,2023-04-13,2023,4,April,Q2,P04,Paneer 200g,Paneer,257,115,71,301,30,OK
IN000125,2023-04-13,2023,4,April,Q2,P05,Paneer 500g,Paneer,674,293,226,741,30,OK
IN000126,2023-04-13,2023,4,April,Q2,P06,Curd 400g,Curd,170,134,105,199,80,OK
IN000127,2023-04-13,2023,4,April,Q2,P07,Curd 1kg,Curd,425,113,226,312,80,OK
IN000128,2023-04-13,2023,4,April,Q2,P08,Ghee 500ml,Ghee,213,297,210,300,15,OK
IN000129,2023-04-13,2023,4,April,Q2,P09,Ghee 1L,Ghee,640,119,151,608,15,OK
IN000130,2023-04-13,2023,4,April,Q2,P10,Butter 100g,Butter,409,70,195,284,25,OK
IN000131,2023-04-13,2023,4,April,Q2,P11,Butter 500g,Butter,146,283,94,335,25,OK
IN000132,2023-04-13,2023,4,April,Q2,P12,Cream 200ml,Cream,431,249,166,514,12,OK
IN000133,2023-04-14,2023,4,April,Q2,P01,Milk Bulk 1L,Milk Bulk,818,268,191,895,200,OK
IN000134,2023-04-14,2023,4,April,Q2,P02,Milk Packet 500ml,Milk Packet,169,287,78,378,500,Low
IN000135,2023-04-14,2023,4,April,Q2,P03,Milk Packet 200ml,Milk Packet,537,226,201,562,500,OK
IN000136,2023-04-14,2023,4,April,Q2,P04,Paneer 200g,Paneer,301,165,254,212,30,OK
IN000137,2023-04-14,2023,4,April,Q2,P05,Paneer 500g,Paneer,741,121,59,803,30,OK
IN000138,2023-04-14,2023,4,April,Q2,P06,Curd 400g,Curd,199,59,142,116,80,OK
IN000139,2023-04-14,2023,4,April,Q2,P07,Curd 1kg,Curd,312,127,115,324,80,OK
IN000140,2023-04-14,2023,4,April,Q2,P08,Ghee 500ml,Ghee,300,78,189,189,15,OK
IN000141,2023-04-14,2023,4,April,Q2,P09,Ghee 1L,Ghee,608,270,205,673,15,OK
IN000142,2023-04-14,2023,4,April,Q2,P10,Butter 100g,Butter,284,176,262,198,25,OK
IN000143,2023-04-14,2023,4,April,Q2,P11,Butter 500g,Butter,335,279,232,382,25,OK
IN000144,2023-04-14,2023,4,April,Q2,P12,Cream 200ml,Cream,514,174,262,426,12,OK
IN000145,2023-04-15,2023,4,April,Q2,P01,Milk Bulk 1L,Milk Bulk,895,137,230,802,200,OK
IN000146,2023-04-15,2023,4,April,Q2,P02,Milk Packet 500ml,Milk Packet,378,54,180,252,500,Low
IN000147,2023-04-15,2023,4,April,Q2,P03,Milk Packet 200ml,Milk Packet,562,103,126,539,500,OK
IN000148,2023-04-15,2023,4,April,Q2,P04,Paneer 200g,Paneer,212,64,48,228,30,OK
IN000149,2023-04-15,2023,4,April,Q2,P05,Paneer 500g,Paneer,803,149,57,895,30,OK
IN000150,2023-04-15,2023,4,April,Q2,P06,Curd 400g,Curd,116,66,182,0,80,Critical
IN000151,2023-04-15,2023,4,April,Q2,P07,Curd 1kg,Curd,324,51,131,244,80,OK
IN000152,2023-04-15,2023,4,April,Q2,P08,Ghee 500ml,Ghee,189,284,86,387,15,OK
IN000153,2023-04-15,2023,4,April,Q2,P09,Ghee 1L,Ghee,673,265,150,788,15,OK
IN000154,2023-04-15,2023,4,April,Q2,P10,Butter 100g,Butter,198,263,174,287,25,OK
IN000155,2023-04-15,2023,4,April,Q2,P11,Butter 500g,Butter,382,290,267,405,25,OK
IN000156,2023-04-15,2023,4,April,Q2,P12,Cream 200ml,Cream,426,213,237,402,12,OK
IN000157,2023-04-17,2023,4,April,Q2,P01,Milk Bulk 1L,Milk Bulk,802,169,257,714,200,OK
IN000158,2023-04-17,2023,4,April,Q2,P02,Milk Packet 500ml,Milk Packet,252,54,140,166,500,Critical
IN000159,2023-04-17,2023,4,April,Q2,P03,Milk Packet 200ml,Milk Packet,539,60,77,522,500,OK
IN000160,2023-04-17,2023,4,April,Q2,P04,Paneer 200g,Paneer,228,161,257,132,30,OK
IN000161,2023-04-17,2023,4,April,Q2,P05,Paneer 500g,Paneer,895,135,158,872,30,OK
IN000162,2023-04-17,2023,4,April,Q2,P06,Curd 400g,Curd,0,84,84,0,80,Critical
IN000163,2023-04-17,2023,4,April,Q2,P07,Curd 1kg,Curd,244,55,213,86,80,OK
IN000164,2023-04-17,2023,4,April,Q2,P08,Ghee 500ml,Ghee,387,55,131,311,15,OK
IN000165,2023-04-17,2023,4,April,Q2,P09,Ghee 1L,Ghee,788,92,147,733,15,OK
IN000166,2023-04-17,2023,4,April,Q2,P10,Butter 100g,Butter,287,81,90,278,25,OK
IN000167,2023-04-17,2023,4,April,Q2,P11,Butter 500g,Butter,405,156,177,384,25,OK
IN000168,2023-04-17,2023,4,April,Q2,P12,Cream 200ml,Cream,402,150,182,370,12,OK
IN000169,2023-04-18,2023,4,April,Q2,P01,Milk Bulk 1L,Milk Bulk,714,160,245,629,200,OK
IN000170,2023-04-18,2023,4,April,Q2,P02,Milk Packet 500ml,Milk Packet,166,254,80,340,500,Low
IN000171,2023-04-18,2023,4,April,Q2,P03,Milk Packet 200ml,Milk Packet,522,206,108,620,500,OK
IN000172,2023-04-18,2023,4,April,Q2,P04,Paneer 200g,Paneer,132,217,175,174,30,OK
IN000173,2023-04-18,2023,4,April,Q2,P05,Paneer 500g,Paneer,872,205,211,866,30,OK
IN000174,2023-04-18,2023,4,April,Q2,P06,Curd 400g,Curd,0,143,143,0,80,Critical
IN000175,2023-04-18,2023,4,April,Q2,P07,Curd 1kg,Curd,86,166,93,159,80,OK
IN000176,2023-04-18,2023,4,April,Q2,P08,Ghee 500ml,Ghee,311,273,170,414,15,OK
IN000177,2023-04-18,2023,4,April,Q2,P09,Ghee 1L,Ghee,733,89,221,601,15,OK
IN000178,2023-04-18,2023,4,April,Q2,P10,Butter 100g,Butter,278,230,253,255,25,OK
IN000179,2023-04-18,2023,4,April,Q2,P11,Butter 500g,Butter,384,262,148,498,25,OK
IN000180,2023-04-18,2023,4,April,Q2,P12,Cream 200ml,Cream,370,206,43,533,12,OK
IN000181,2023-04-19,2023,4,April,Q2,P01,Milk Bulk 1L,Milk Bulk,629,99,103,625,200,OK
IN000182,2023-04-19,2023,4,April,Q2,P02,Milk Packet 500ml,Milk Packet,340,56,73,323,500,Low
IN000183,2023-04-19,2023,4,April,Q2,P03,Milk Packet 200ml,Milk Packet,620,86,262,444,500,Low
IN000184,2023-04-19,2023,4,April,Q2,P04,Paneer 200g,Paneer,174,290,256,208,30,OK
IN000185,2023-04-19,2023,4,April,Q2,P05,Paneer 500g,Paneer,866,229,267,828,30,OK
IN000186,2023-04-19,2023,4,April,Q2,P06,Curd 400g,Curd,0,262,262,0,80,Critical
IN000187,2023-04-19,2023,4,April,Q2,P07,Curd 1kg,Curd,159,208,147,220,80,OK
IN000188,2023-04-19,2023,4,April,Q2,P08,Ghee 500ml,Ghee,414,178,43,549,15,OK
IN000189,2023-04-19,2023,4,April,Q2,P09,Ghee 1L,Ghee,601,113,212,502,15,OK
IN000190,2023-04-19,2023,4,April,Q2,P10,Butter 100g,Butter,255,131,98,288,25,OK
IN000191,2023-04-19,2023,4,April,Q2,P11,Butter 500g,Butter,498,111,249,360,25,OK
IN000192,2023-04-19,2023,4,April,Q2,P12,Cream 200ml,Cream,533,178,81,630,12,OK
IN000193,2023-04-20,2023,4,April,Q2,P01,Milk Bulk 1L,Milk Bulk,625,61,149,537,200,OK
IN000194,2023-04-20,2023,4,April,Q2,P02,Milk Packet 500ml,Milk Packet,323,145,275,193,500,Critical
IN000195,2023-04-20,2023,4,April,Q2,P03,Milk Packet 200ml,Milk Packet,444,260,208,496,500,Low
IN000196,2023-04-20,2023,4,April,Q2,P04,Paneer 200g,Paneer,208,107,204,111,30,OK
IN000197,2023-04-20,2023,4,April,Q2,P05,Paneer 500g,Paneer,828,201,85,944,30,OK
IN000198,2023-04-20,2023,4,April,Q2,P06,Curd 400g,Curd,0,177,74,103,80,OK
IN000199,2023-04-20,2023,4,April,Q2,P07,Curd 1kg,Curd,220,236,126,330,80,OK
IN000200,2023-04-20,2023,4,April,Q2,P08,Ghee 500ml,Ghee,549,121,271,399,15,OK
IN000201,2023-04-20,2023,4,April,Q2,P09,Ghee 1L,Ghee,502,236,109,629,15,OK
IN000202,2023-04-20,2023,4,April,Q2,P10,Butter 100g,Butter,288,125,123,290,25,OK
IN000203,2023-04-20,2023,4,April,Q2,P11,Butter 500g,Butter,360,139,55,444,25,OK
IN000204,2023-04-20,2023,4,April,Q2,P12,Cream 200ml,Cream,630,178,171,637,12,OK
IN000205,2023-04-21,2023,4,April,Q2,P01,Milk Bulk 1L,Milk Bulk,537,200,279,458,200,OK
IN000206,2023-04-21,2023,4,April,Q2,P02,Milk Packet 500ml,Milk Packet,193,261,147,307,500,Low
IN000207,2023-04-21,2023,4,April,Q2,P03,Milk Packet 200ml,Milk Packet,496,141,152,485,500,Low
IN000208,2023-04-21,2023,4,April,Q2,P04,Paneer 200g,Paneer,111,197,138,170,30,OK
IN000209,2023-04-21,2023,4,April,Q2,P05,Paneer 500g,Paneer,944,212,75,1081,30,OK
IN000210,2023-04-21,2023,4,April,Q2,P06,Curd 400g,Curd,103,97,200,0,80,Critical
IN000211,2023-04-21,2023,4,April,Q2,P07,Curd 1kg,Curd,330,136,158,308,80,OK
IN000212,2023-04-21,2023,4,April,Q2,P08,Ghee 500ml,Ghee,399,163,78,484,15,OK
IN000213,2023-04-21,2023,4,April,Q2,P09,Ghee 1L,Ghee,629,227,104,752,15,OK
IN000214,2023-04-21,2023,4,April,Q2,P10,Butter 100g,Butter,290,241,256,275,25,OK
IN000215,2023-04-21,2023,4,April,Q2,P11,Butter 500g,Butter,444,200,208,436,25,OK
IN000216,2023-04-21,2023,4,April,Q2,P12,Cream 200ml,Cream,637,84,75,646,12,OK
IN000217,2023-04-22,2023,4,April,Q2,P01,Milk Bulk 1L,Milk Bulk,458,267,131,594,200,OK
IN000218,2023-04-22,2023,4,April,Q2,P02,Milk Packet 500ml,Milk Packet,307,285,57,535,500,OK
IN000219,2023-04-22,2023,4,April,Q2,P03,Milk Packet 200ml,Milk Packet,485,263,278,470,500,Low
IN000220,2023-04-22,2023,4,April,Q2,P04,Paneer 200g,Paneer,170,62,232,0,30,Critical
IN000221,2023-04-22,2023,4,April,Q2,P05,Paneer 500g,Paneer,1081,224,46,1259,30,OK
IN000222,2023-04-22,2023,4,April,Q2,P06,Curd 400g,Curd,0,251,69,182,80,OK
IN000223,2023-04-22,2023,4,April,Q2,P07,Curd 1kg,Curd,308,135,60,383,80,OK
IN000224,2023-04-22,2023,4,April,Q2,P08,Ghee 500ml,Ghee,484,175,207,452,15,OK
IN000225,2023-04-22,2023,4,April,Q2,P09,Ghee 1L,Ghee,752,65,43,774,15,OK
IN000226,2023-04-22,2023,4,April,Q2,P10,Butter 100g,Butter,275,179,148,306,25,OK
IN000227,2023-04-22,2023,4,April,Q2,P11,Butter 500g,Butter,436,132,150,418,25,OK
IN000228,2023-04-22,2023,4,April,Q2,P12,Cream 200ml,Cream,646,199,94,751,12,OK
IN000229,2023-04-24,2023,4,April,Q2,P01,Milk Bulk 1L,Milk Bulk,594,101,67,628,200,OK
IN000230,2023-04-24,2023,4,April,Q2,P02,Milk Packet 500ml,Milk Packet,535,136,115,556,500,OK
IN000231,2023-04-24,2023,4,April,Q2,P03,Milk Packet 200ml,Milk Packet,470,180,108,542,500,OK
IN000232,2023-04-24,2023,4,April,Q2,P04,Paneer 200g,Paneer,0,229,129,100,30,OK
IN000233,2023-04-24,2023,4,April,Q2,P05,Paneer 500g,Paneer,1259,247,105,1401,30,OK
IN000234,2023-04-24,2023,4,April,Q2,P06,Curd 400g,Curd,182,190,154,218,80,OK
IN000235,2023-04-24,2023,4,April,Q2,P07,Curd 1kg,Curd,383,219,213,389,80,OK
IN000236,2023-04-24,2023,4,April,Q2,P08,Ghee 500ml,Ghee,452,74,130,396,15,OK
IN000237,2023-04-24,2023,4,April,Q2,P09,Ghee 1L,Ghee,774,130,175,729,15,OK
IN000238,2023-04-24,2023,4,April,Q2,P10,Butter 100g,Butter,306,235,129,412,25,OK
IN000239,2023-04-24,2023,4,April,Q2,P11,Butter 500g,Butter,418,257,176,499,25,OK
IN000240,2023-04-24,2023,4,April,Q2,P12,Cream 200ml,Cream,751,154,132,773,12,OK
IN000241,2023-04-25,2023,4,April,Q2,P01,Milk Bulk 1L,Milk Bulk,628,56,126,558,200,OK
IN000242,2023-04-25,2023,4,April,Q2,P02,Milk Packet 500ml,Milk Packet,556,290,88,758,500,OK
IN000243,2023-04-25,2023,4,April,Q2,P03,Milk Packet 200ml,Milk Packet,542,69,143,468,500,Low
IN000244,2023-04-25,2023,4,April,Q2,P04,Paneer 200g,Paneer,100,135,167,68,30,OK
IN000245,2023-04-25,2023,4,April,Q2,P05,Paneer 500g,Paneer,1401,144,96,1449,30,OK
IN000246,2023-04-25,2023,4,April,Q2,P06,Curd 400g,Curd,218,146,242,122,80,OK
IN000247,2023-04-25,2023,4,April,Q2,P07,Curd 1kg,Curd,389,269,86,572,80,OK
IN000248,2023-04-25,2023,4,April,Q2,P08,Ghee 500ml,Ghee,396,175,170,401,15,OK
IN000249,2023-04-25,2023,4,April,Q2,P09,Ghee 1L,Ghee,729,120,205,644,15,OK
IN000250,2023-04-25,2023,4,April,Q2,P10,Butter 100g,Butter,412,120,141,391,25,OK
IN000251,2023-04-25,2023,4,April,Q2,P11,Butter 500g,Butter,499,73,113,459,25,OK
IN000252,2023-04-25,2023,4,April,Q2,P12,Cream 200ml,Cream,773,196,144,825,12,OK
IN000253,2023-04-26,2023,4,April,Q2,P01,Milk Bulk 1L,Milk Bulk,558,221,158,621,200,OK
IN000254,2023-04-26,2023,4,April,Q2,P02,Milk Packet 500ml,Milk Packet,758,232,51,939,500,OK
IN000255,2023-04-26,2023,4,April,Q2,P03,Milk Packet 200ml,Milk Packet,468,96,92,472,500,Low
IN000256,2023-04-26,2023,4,April,Q2,P04,Paneer 200g,Paneer,68,158,226,0,30,Critical
IN000257,2023-04-26,2023,4,April,Q2,P05,Paneer 500g,Paneer,1449,134,197,1386,30,OK
IN000258,2023-04-26,2023,4,April,Q2,P06,Curd 400g,Curd,122,60,162,20,80,Critical
IN000259,2023-04-26,2023,4,April,Q2,P07,Curd 1kg,Curd,572,254,133,693,80,OK
IN000260,2023-04-26,2023,4,April,Q2,P08,Ghee 500ml,Ghee,401,200,248,353,15,OK
IN000261,2023-04-26,2023,4,April,Q2,P09,Ghee 1L,Ghee,644,292,277,659,15,OK
IN000262,2023-04-26,2023,4,April,Q2,P10,Butter 100g,Butter,391,134,185,340,25,OK
IN000263,2023-04-26,2023,4,April,Q2,P11,Butter 500g,Butter,459,179,257,381,25,OK
IN000264,2023-04-26,2023,4,April,Q2,P12,Cream 200ml,Cream,825,148,270,703,12,OK
IN000265,2023-04-27,2023,4,April,Q2,P01,Milk Bulk 1L,Milk Bulk,621,166,107,680,200,OK
IN000266,2023-04-27,2023,4,April,Q2,P02,Milk Packet 500ml,Milk Packet,939,272,249,962,500,OK
IN000267,2023-04-27,2023,4,April,Q2,P03,Milk Packet 200ml,Milk Packet,472,107,71,508,500,OK
IN000268,2023-04-27,2023,4,April,Q2,P04,Paneer 200g,Paneer,0,278,218,60,30,OK
IN000269,2023-04-27,2023,4,April,Q2,P05,Paneer 500g,Paneer,1386,267,184,1469,30,OK
IN000270,2023-04-27,2023,4,April,Q2,P06,Curd 400g,Curd,20,129,149,0,80,Critical
IN000271,2023-04-27,2023,4,April,Q2,P07,Curd 1kg,Curd,693,106,263,536,80,OK
IN000272,2023-04-27,2023,4,April,Q2,P08,Ghee 500ml,Ghee,353,172,160,365,15,OK
IN000273,2023-04-27,2023,4,April,Q2,P09,Ghee 1L,Ghee,659,153,238,574,15,OK
IN000274,2023-04-27,2023,4,April,Q2,P10,Butter 100g,Butter,340,224,98,466,25,OK
IN000275,2023-04-27,2023,4,April,Q2,P11,Butter 500g,Butter,381,95,127,349,25,OK
IN000276,2023-04-27,2023,4,April,Q2,P12,Cream 200ml,Cream,703,90,55,738,12,OK
IN000277,2023-04-28,2023,4,April,Q2,P01,Milk Bulk 1L,Milk Bulk,680,259,246,693,200,OK
IN000278,2023-04-28,2023,4,April,Q2,P02,Milk Packet 500ml,Milk Packet,962,98,44,1016,500,OK
IN000279,2023-04-28,2023,4,April,Q2,P03,Milk Packet 200ml,Milk Packet,508,258,69,697,500,OK
IN000280,2023-04-28,2023,4,April,Q2,P04,Paneer 200g,Paneer,60,226,223,63,30,OK
IN000281,2023-04-28,2023,4,April,Q2,P05,Paneer 500g,Paneer,1469,107,136,1440,30,OK
IN000282,2023-04-28,2023,4,April,Q2,P06,Curd 400g,Curd,0,260,260,0,80,Critical
IN000283,2023-04-28,2023,4,April,Q2,P07,Curd 1kg,Curd,536,129,132,533,80,OK
IN000284,2023-04-28,2023,4,April,Q2,P08,Ghee 500ml,Ghee,365,226,199,392,15,OK
IN000285,2023-04-28,2023,4,April,Q2,P09,Ghee 1L,Ghee,574,265,275,564,15,OK
IN000286,2023-04-28,2023,4,April,Q2,P10,Butter 100g,Butter,466,295,98,663,25,OK
IN000287,2023-04-28,2023,4,April,Q2,P11,Butter 500g,Butter,349,180,148,381,25,OK
IN000288,2023-04-28,2023,4,April,Q2,P12,Cream 200ml,Cream,738,245,106,877,12,OK
IN000289,2023-04-29,2023,4,April,Q2,P01,Milk Bulk 1L,Milk Bulk,693,83,86,690,200,OK
IN000290,2023-04-29,2023,4,April,Q2,P02,Milk Packet 500ml,Milk Packet,1016,183,224,975,500,OK
IN000291,2023-04-29,2023,4,April,Q2,P03,Milk Packet 200ml,Milk Packet,697,188,195,690,500,OK
IN000292,2023-04-29,2023,4,April,Q2,P04,Paneer 200g,Paneer,63,290,195,158,30,OK
IN000293,2023-04-29,2023,4,April,Q2,P05,Paneer 500g,Paneer,1440,280,58,1662,30,OK
IN000294,2023-04-29,2023,4,April,Q2,P06,Curd 400g,Curd,0,62,62,0,80,Critical
IN000295,2023-04-29,2023,4,April,Q2,P07,Curd 1kg,Curd,533,196,145,584,80,OK
IN000296,2023-04-29,2023,4,April,Q2,P08,Ghee 500ml,Ghee,392,167,145,414,15,OK
IN000297,2023-04-29,2023,4,April,Q2,P09,Ghee 1L,Ghee,564,105,211,458,15,OK
IN000298,2023-04-29,2023,4,April,Q2,P10,Butter 100g,Butter,663,180,269,574,25,OK
IN000299,2023-04-29,2023,4,April,Q2,P11,Butter 500g,Butter,381,99,208,272,25,OK
IN000300,2023-04-29,2023,4,April,Q2,P12,Cream 200ml,Cream,877,60,234,703,12,OK
IN000301,2023-05-01,2023,5,May,Q2,P01,Milk Bulk 1L,Milk Bulk,690,287,267,710,200,OK
IN000302,2023-05-01,2023,5,May,Q2,P02,Milk Packet 500ml,Milk Packet,975,108,192,891,500,OK
IN000303,2023-05-01,2023,5,May,Q2,P03,Milk Packet 200ml,Milk Packet,690,53,244,499,500,Low
IN000304,2023-05-01,2023,5,May,Q2,P04,Paneer 200g,Paneer,158,122,264,16,30,Low
IN000305,2023-05-01,2023,5,May,Q2,P05,Paneer 500g,Paneer,1662,248,47,1863,30,OK
IN000306,2023-05-01,2023,5,May,Q2,P06,Curd 400g,Curd,0,155,84,71,80,Low
IN000307,2023-05-01,2023,5,May,Q2,P07,Curd 1kg,Curd,584,144,156,572,80,OK
IN000308,2023-05-01,2023,5,May,Q2,P08,Ghee 500ml,Ghee,414,154,52,516,15,OK
IN000309,2023-05-01,2023,5,May,Q2,P09,Ghee 1L,Ghee,458,213,151,520,15,OK
IN000310,2023-05-01,2023,5,May,Q2,P10,Butter 100g,Butter,574,216,111,679,25,OK
IN000311,2023-05-01,2023,5,May,Q2,P11,Butter 500g,Butter,272,257,127,402,25,OK
IN000312,2023-05-01,2023,5,May,Q2,P12,Cream 200ml,Cream,703,273,173,803,12,OK
IN000313,2023-05-02,2023,5,May,Q2,P01,Milk Bulk 1L,Milk Bulk,710,75,86,699,200,OK
IN000314,2023-05-02,2023,5,May,Q2,P02,Milk Packet 500ml,Milk Packet,891,118,256,753,500,OK
IN000315,2023-05-02,2023,5,May,Q2,P03,Milk Packet 200ml,Milk Packet,499,226,179,546,500,OK
IN000316,2023-05-02,2023,5,May,Q2,P04,Paneer 200g,Paneer,16,62,78,0,30,Critical
IN000317,2023-05-02,2023,5,May,Q2,P05,Paneer 500g,Paneer,1863,59,220,1702,30,OK
IN000318,2023-05-02,2023,5,May,Q2,P06,Curd 400g,Curd,71,275,78,268,80,OK
IN000319,2023-05-02,2023,5,May,Q2,P07,Curd 1kg,Curd,572,95,142,525,80,OK
IN000320,2023-05-02,2023,5,May,Q2,P08,Ghee 500ml,Ghee,516,174,118,572,15,OK
IN000321,2023-05-02,2023,5,May,Q2,P09,Ghee 1L,Ghee,520,76,121,475,15,OK
IN000322,2023-05-02,2023,5,May,Q2,P10,Butter 100g,Butter,679,100,55,724,25,OK
IN000323,2023-05-02,2023,5,May,Q2,P11,Butter 500g,Butter,402,228,141,489,25,OK
IN000324,2023-05-02,2023,5,May,Q2,P12,Cream 200ml,Cream,803,233,105,931,12,OK
IN000325,2023-05-03,2023,5,May,Q2,P01,Milk Bulk 1L,Milk Bulk,699,166,132,733,200,OK
IN000326,2023-05-03,2023,5,May,Q2,P02,Milk Packet 500ml,Milk Packet,753,210,235,728,500,OK
IN000327,2023-05-03,2023,5,May,Q2,P03,Milk Packet 200ml,Milk Packet,546,159,97,608,500,OK
IN000328,2023-05-03,2023,5,May,Q2,P04,Paneer 200g,Paneer,0,61,60,1,30,Critical
IN000329,2023-05-03,2023,5,May,Q2,P05,Paneer 500g,Paneer,1702,160,151,1711,30,OK
IN000330,2023-05-03,2023,5,May,Q2,P06,Curd 400g,Curd,268,133,129,272,80,OK
IN000331,2023-05-03,2023,5,May,Q2,P07,Curd 1kg,Curd,525,223,45,703,80,OK
IN000332,2023-05-03,2023,5,May,Q2,P08,Ghee 500ml,Ghee,572,279,278,573,15,OK
IN000333,2023-05-03,2023,5,May,Q2,P09,Ghee 1L,Ghee,475,244,153,566,15,OK
IN000334,2023-05-03,2023,5,May,Q2,P10,Butter 100g,Butter,724,204,267,661,25,OK
IN000335,2023-05-03,2023,5,May,Q2,P11,Butter 500g,Butter,489,121,143,467,25,OK
IN000336,2023-05-03,2023,5,May,Q2,P12,Cream 200ml,Cream,931,110,47,994,12,OK
IN000337,2023-05-04,2023,5,May,Q2,P01,Milk Bulk 1L,Milk Bulk,733,221,149,805,200,OK
IN000338,2023-05-04,2023,5,May,Q2,P02,Milk Packet 500ml,Milk Packet,728,254,72,910,500,OK
IN000339,2023-05-04,2023,5,May,Q2,P03,Milk Packet 200ml,Milk Packet,608,128,216,520,500,OK
IN000340,2023-05-04,2023,5,May,Q2,P04,Paneer 200g,Paneer,1,270,167,104,30,OK
IN000341,2023-05-04,2023,5,May,Q2,P05,Paneer 500g,Paneer,1711,85,87,1709,30,OK
IN000342,2023-05-04,2023,5,May,Q2,P06,Curd 400g,Curd,272,154,66,360,80,OK
IN000343,2023-05-04,2023,5,May,Q2,P07,Curd 1kg,Curd,703,257,96,864,80,OK
IN000344,2023-05-04,2023,5,May,Q2,P08,Ghee 500ml,Ghee,573,65,75,563,15,OK
IN000345,2023-05-04,2023,5,May,Q2,P09,Ghee 1L,Ghee,566,65,170,461,15,OK
IN000346,2023-05-04,2023,5,May,Q2,P10,Butter 100g,Butter,661,255,110,806,25,OK
IN000347,2023-05-04,2023,5,May,Q2,P11,Butter 500g,Butter,467,245,160,552,25,OK
IN000348,2023-05-04,2023,5,May,Q2,P12,Cream 200ml,Cream,994,260,59,1195,12,OK
IN000349,2023-05-05,2023,5,May,Q2,P01,Milk Bulk 1L,Milk Bulk,805,131,127,809,200,OK
IN000350,2023-05-05,2023,5,May,Q2,P02,Milk Packet 500ml,Milk Packet,910,285,245,950,500,OK
IN000351,2023-05-05,2023,5,May,Q2,P03,Milk Packet 200ml,Milk Packet,520,142,200,462,500,Low
IN000352,2023-05-05,2023,5,May,Q2,P04,Paneer 200g,Paneer,104,285,235,154,30,OK
IN000353,2023-05-05,2023,5,May,Q2,P05,Paneer 500g,Paneer,1709,267,80,1896,30,OK
IN000354,2023-05-05,2023,5,May,Q2,P06,Curd 400g,Curd,360,120,197,283,80,OK
IN000355,2023-05-05,2023,5,May,Q2,P07,Curd 1kg,Curd,864,170,167,867,80,OK
IN000356,2023-05-05,2023,5,May,Q2,P08,Ghee 500ml,Ghee,563,117,105,575,15,OK
IN000357,2023-05-05,2023,5,May,Q2,P09,Ghee 1L,Ghee,461,168,277,352,15,OK
IN000358,2023-05-05,2023,5,May,Q2,P10,Butter 100g,Butter,806,115,41,880,25,OK
IN000359,2023-05-05,2023,5,May,Q2,P11,Butter 500g,Butter,552,261,151,662,25,OK
IN000360,2023-05-05,2023,5,May,Q2,P12,Cream 200ml,Cream,1195,100,223,1072,12,OK
IN000361,2023-05-06,2023,5,May,Q2,P01,Milk Bulk 1L,Milk Bulk,809,99,103,805,200,OK
IN000362,2023-05-06,2023,5,May,Q2,P02,Milk Packet 500ml,Milk Packet,950,150,240,860,500,OK
IN000363,2023-05-06,2023,5,May,Q2,P03,Milk Packet 200ml,Milk Packet,462,138,252,348,500,Low
IN000364,2023-05-06,2023,5,May,Q2,P04,Paneer 200g,Paneer,154,98,246,6,30,Critical
IN000365,2023-05-06,2023,5,May,Q2,P05,Paneer 500g,Paneer,1896,87,145,1838,30,OK
IN000366,2023-05-06,2023,5,May,Q2,P06,Curd 400g,Curd,283,167,124,326,80,OK
IN000367,2023-05-06,2023,5,May,Q2,P07,Curd 1kg,Curd,867,105,150,822,80,OK
IN000368,2023-05-06,2023,5,May,Q2,P08,Ghee 500ml,Ghee,575,194,40,729,15,OK
IN000369,2023-05-06,2023,5,May,Q2,P09,Ghee 1L,Ghee,352,292,201,443,15,OK
IN000370,2023-05-06,2023,5,May,Q2,P10,Butter 100g,Butter,880,224,127,977,25,OK
IN000371,2023-05-06,2023,5,May,Q2,P11,Butter 500g,Butter,662,163,156,669,25,OK
IN000372,2023-05-06,2023,5,May,Q2,P12,Cream 200ml,Cream,1072,60,89,1043,12,OK
IN000373,2023-05-08,2023,5,May,Q2,P01,Milk Bulk 1L,Milk Bulk,805,110,128,787,200,OK
IN000374,2023-05-08,2023,5,May,Q2,P02,Milk Packet 500ml,Milk Packet,860,249,166,943,500,OK
IN000375,2023-05-08,2023,5,May,Q2,P03,Milk Packet 200ml,Milk Packet,348,289,224,413,500,Low
IN000376,2023-05-08,2023,5,May,Q2,P04,Paneer 200g,Paneer,6,265,100,171,30,OK
IN000377,2023-05-08,2023,5,May,Q2,P05,Paneer 500g,Paneer,1838,237,184,1891,30,OK
IN000378,2023-05-08,2023,5,May,Q2,P06,Curd 400g,Curd,326,141,88,379,80,OK
IN000379,2023-05-08,2023,5,May,Q2,P07,Curd 1kg,Curd,822,133,206,749,80,OK
IN000380,2023-05-08,2023,5,May,Q2,P08,Ghee 500ml,Ghee,729,101,135,695,15,OK
IN000381,2023-05-08,2023,5,May,Q2,P09,Ghee 1L,Ghee,443,193,72,564,15,OK
IN000382,2023-05-08,2023,5,May,Q2,P10,Butter 100g,Butter,977,284,220,1041,25,OK
IN000383,2023-05-08,2023,5,May,Q2,P11,Butter 500g,Butter,669,106,166,609,25,OK
IN000384,2023-05-08,2023,5,May,Q2,P12,Cream 200ml,Cream,1043,280,115,1208,12,OK
IN000385,2023-05-09,2023,5,May,Q2,P01,Milk Bulk 1L,Milk Bulk,787,121,100,808,200,OK
IN000386,2023-05-09,2023,5,May,Q2,P02,Milk Packet 500ml,Milk Packet,943,128,54,1017,500,OK
IN000387,2023-05-09,2023,5,May,Q2,P03,Milk Packet 200ml,Milk Packet,413,295,194,514,500,OK
IN000388,2023-05-09,2023,5,May,Q2,P04,Paneer 200g,Paneer,171,127,196,102,30,OK
IN000389,2023-05-09,2023,5,May,Q2,P05,Paneer 500g,Paneer,1891,54,56,1889,30,OK
IN000390,2023-05-09,2023,5,May,Q2,P06,Curd 400g,Curd,379,56,51,384,80,OK
IN000391,2023-05-09,2023,5,May,Q2,P07,Curd 1kg,Curd,749,240,248,741,80,OK
IN000392,2023-05-09,2023,5,May,Q2,P08,Ghee 500ml,Ghee,695,207,255,647,15,OK
IN000393,2023-05-09,2023,5,May,Q2,P09,Ghee 1L,Ghee,564,163,61,666,15,OK
IN000394,2023-05-09,2023,5,May,Q2,P10,Butter 100g,Butter,1041,101,223,919,25,OK
IN000395,2023-05-09,2023,5,May,Q2,P11,Butter 500g,Butter,609,155,175,589,25,OK
IN000396,2023-05-09,2023,5,May,Q2,P12,Cream 200ml,Cream,1208,90,136,1162,12,OK
IN000397,2023-05-10,2023,5,May,Q2,P01,Milk Bulk 1L,Milk Bulk,808,234,168,874,200,OK
IN000398,2023-05-10,2023,5,May,Q2,P02,Milk Packet 500ml,Milk Packet,1017,79,253,843,500,OK
IN000399,2023-05-10,2023,5,May,Q2,P03,Milk Packet 200ml,Milk Packet,514,133,97,550,500,OK
IN000400,2023-05-10,2023,5,May,Q2,P04,Paneer 200g,Paneer,102,272,186,188,30,OK
IN000401,2023-05-10,2023,5,May,Q2,P05,Paneer 500g,Paneer,1889,129,73,1945,30,OK
IN000402,2023-05-10,2023,5,May,Q2,P06,Curd 400g,Curd,384,158,48,494,80,OK
IN000403,2023-05-10,2023,5,May,Q2,P07,Curd 1kg,Curd,741,217,190,768,80,OK
IN000404,2023-05-10,2023,5,May,Q2,P08,Ghee 500ml,Ghee,647,132,241,538,15,OK
IN000405,2023-05-10,2023,5,May,Q2,P09,Ghee 1L,Ghee,666,117,203,580,15,OK
IN000406,2023-05-10,2023,5,May,Q2,P10,Butter 100g,Butter,919,210,67,1062,25,OK
IN000407,2023-05-10,2023,5,May,Q2,P11,Butter 500g,Butter,589,203,97,695,25,OK
IN000408,2023-05-10,2023,5,May,Q2,P12,Cream 200ml,Cream,1162,256,246,1172,12,OK
IN000409,2023-05-11,2023,5,May,Q2,P01,Milk Bulk 1L,Milk Bulk,874,155,139,890,200,OK
IN000410,2023-05-11,2023,5,May,Q2,P02,Milk Packet 500ml,Milk Packet,843,115,139,819,500,OK
IN000411,2023-05-11,2023,5,May,Q2,P03,Milk Packet 200ml,Milk Packet,550,208,140,618,500,OK
IN000412,2023-05-11,2023,5,May,Q2,P04,Paneer 200g,Paneer,188,218,55,351,30,OK
IN000413,2023-05-11,2023,5,May,Q2,P05,Paneer 500g,Paneer,1945,284,254,1975,30,OK
IN000414,2023-05-11,2023,5,May,Q2,P06,Curd 400g,Curd,494,220,189,525,80,OK
IN000415,2023-05-11,2023,5,May,Q2,P07,Curd 1kg,Curd,768,290,133,925,80,OK
IN000416,2023-05-11,2023,5,May,Q2,P08,Ghee 500ml,Ghee,538,298,44,792,15,OK
IN000417,2023-05-11,2023,5,May,Q2,P09,Ghee 1L,Ghee,580,133,153,560,15,OK
IN000418,2023-05-11,2023,5,May,Q2,P10,Butter 100g,Butter,1062,79,115,1026,25,OK
IN000419,2023-05-11,2023,5,May,Q2,P11,Butter 500g,Butter,695,96,200,591,25,OK
IN000420,2023-05-11,2023,5,May,Q2,P12,Cream 200ml,Cream,1172,57,187,1042,12,OK
IN000421,2023-05-12,2023,5,May,Q2,P01,Milk Bulk 1L,Milk Bulk,890,134,177,847,200,OK
IN000422,2023-05-12,2023,5,May,Q2,P02,Milk Packet 500ml,Milk Packet,819,73,76,816,500,OK
IN000423,2023-05-12,2023,5,May,Q2,P03,Milk Packet 200ml,Milk Packet,618,165,180,603,500,OK
IN000424,2023-05-12,2023,5,May,Q2,P04,Paneer 200g,Paneer,351,50,251,150,30,OK
IN000425,2023-05-12,2023,5,May,Q2,P05,Paneer 500g,Paneer,1975,59,228,1806,30,OK
IN000426,2023-05-12,2023,5,May,Q2,P06,Curd 400g,Curd,525,274,133,666,80,OK
IN000427,2023-05-12,2023,5,May,Q2,P07,Curd 1kg,Curd,925,74,277,722,80,OK
IN000428,2023-05-12,2023,5,May,Q2,P08,Ghee 500ml,Ghee,792,132,127,797,15,OK
IN000429,2023-05-12,2023,5,May,Q2,P09,Ghee 1L,Ghee,560,191,247,504,15,OK
IN000430,2023-05-12,2023,5,May,Q2,P10,Butter 100g,Butter,1026,226,278,974,25,OK
IN000431,2023-05-12,2023,5,May,Q2,P11,Butter 500g,Butter,591,72,141,522,25,OK
IN000432,2023-05-12,2023,5,May,Q2,P12,Cream 200ml,Cream,1042,248,161,1129,12,OK
IN000433,2023-05-13,2023,5,May,Q2,P01,Milk Bulk 1L,Milk Bulk,847,233,120,960,200,OK
IN000434,2023-05-13,2023,5,May,Q2,P02,Milk Packet 500ml,Milk Packet,816,171,41,946,500,OK
IN000435,2023-05-13,2023,5,May,Q2,P03,Milk Packet 200ml,Milk Packet,603,70,145,528,500,OK
IN000436,2023-05-13,2023,5,May,Q2,P04,Paneer 200g,Paneer,150,175,198,127,30,OK
IN000437,2023-05-13,2023,5,May,Q2,P05,Paneer 500g,Paneer,1806,175,170,1811,30,OK
IN000438,2023-05-13,2023,5,May,Q2,P06,Curd 400g,Curd,666,163,150,679,80,OK
IN000439,2023-05-13,2023,5,May,Q2,P07,Curd 1kg,Curd,722,124,262,584,80,OK
IN000440,2023-05-13,2023,5,May,Q2,P08,Ghee 500ml,Ghee,797,73,137,733,15,OK
IN000441,2023-05-13,2023,5,May,Q2,P09,Ghee 1L,Ghee,504,138,230,412,15,OK
IN000442,2023-05-13,2023,5,May,Q2,P10,Butter 100g,Butter,974,215,199,990,25,OK
IN000443,2023-05-13,2023,5,May,Q2,P11,Butter 500g,Butter,522,230,100,652,25,OK
IN000444,2023-05-13,2023,5,May,Q2,P12,Cream 200ml,Cream,1129,248,112,1265,12,OK
IN000445,2023-05-15,2023,5,May,Q2,P01,Milk Bulk 1L,Milk Bulk,960,56,99,917,200,OK
IN000446,2023-05-15,2023,5,May,Q2,P02,Milk Packet 500ml,Milk Packet,946,73,196,823,500,OK
IN000447,2023-05-15,2023,5,May,Q2,P03,Milk Packet 200ml,Milk Packet,528,106,74,560,500,OK
IN000448,2023-05-15,2023,5,May,Q2,P04,Paneer 200g,Paneer,127,211,64,274,30,OK
IN000449,2023-05-15,2023,5,May,Q2,P05,Paneer 500g,Paneer,1811,71,98,1784,30,OK
IN000450,2023-05-15,2023,5,May,Q2,P06,Curd 400g,Curd,679,255,117,817,80,OK
IN000451,2023-05-15,2023,5,May,Q2,P07,Curd 1kg,Curd,584,212,91,705,80,OK
IN000452,2023-05-15,2023,5,May,Q2,P08,Ghee 500ml,Ghee,733,170,167,736,15,OK
IN000453,2023-05-15,2023,5,May,Q2,P09,Ghee 1L,Ghee,412,214,201,425,15,OK
IN000454,2023-05-15,2023,5,May,Q2,P10,Butter 100g,Butter,990,198,262,926,25,OK
IN000455,2023-05-15,2023,5,May,Q2,P11,Butter 500g,Butter,652,299,263,688,25,OK
IN000456,2023-05-15,2023,5,May,Q2,P12,Cream 200ml,Cream,1265,263,221,1307,12,OK
IN000457,2023-05-16,2023,5,May,Q2,P01,Milk Bulk 1L,Milk Bulk,917,214,220,911,200,OK
IN000458,2023-05-16,2023,5,May,Q2,P02,Milk Packet 500ml,Milk Packet,823,122,66,879,500,OK
IN000459,2023-05-16,2023,5,May,Q2,P03,Milk Packet 200ml,Milk Packet,560,200,84,676,500,OK
IN000460,2023-05-16,2023,5,May,Q2,P04,Paneer 200g,Paneer,274,91,103,262,30,OK
IN000461,2023-05-16,2023,5,May,Q2,P05,Paneer 500g,Paneer,1784,280,190,1874,30,OK
IN000462,2023-05-16,2023,5,May,Q2,P06,Curd 400g,Curd,817,85,115,787,80,OK
IN000463,2023-05-16,2023,5,May,Q2,P07,Curd 1kg,Curd,705,123,81,747,80,OK
IN000464,2023-05-16,2023,5,May,Q2,P08,Ghee 500ml,Ghee,736,145,94,787,15,OK
IN000465,2023-05-16,2023,5,May,Q2,P09,Ghee 1L,Ghee,425,162,107,480,15,OK
IN000466,2023-05-16,2023,5,May,Q2,P10,Butter 100g,Butter,926,211,168,969,25,OK
IN000467,2023-05-16,2023,5,May,Q2,P11,Butter 500g,Butter,688,243,279,652,25,OK
IN000468,2023-05-16,2023,5,May,Q2,P12,Cream 200ml,Cream,1307,120,273,1154,12,OK
IN000469,2023-05-17,2023,5,May,Q2,P01,Milk Bulk 1L,Milk Bulk,911,90,97,904,200,OK
IN000470,2023-05-17,2023,5,May,Q2,P02,Milk Packet 500ml,Milk Packet,879,191,205,865,500,OK
IN000471,2023-05-17,2023,5,May,Q2,P03,Milk Packet 200ml,Milk Packet,676,186,196,666,500,OK
IN000472,2023-05-17,2023,5,May,Q2,P04,Paneer 200g,Paneer,262,251,142,371,30,OK
IN000473,2023-05-17,2023,5,May,Q2,P05,Paneer 500g,Paneer,1874,169,211,1832,30,OK
IN000474,2023-05-17,2023,5,May,Q2,P06,Curd 400g,Curd,787,286,157,916,80,OK
IN000475,2023-05-17,2023,5,May,Q2,P07,Curd 1kg,Curd,747,145,109,783,80,OK
IN000476,2023-05-17,2023,5,May,Q2,P08,Ghee 500ml,Ghee,787,73,96,764,15,OK
IN000477,2023-05-17,2023,5,May,Q2,P09,Ghee 1L,Ghee,480,80,40,520,15,OK
IN000478,2023-05-17,2023,5,May,Q2,P10,Butter 100g,Butter,969,181,89,1061,25,OK
IN000479,2023-05-17,2023,5,May,Q2,P11,Butter 500g,Butter,652,276,41,887,25,OK
IN000480,2023-05-17,2023,5,May,Q2,P12,Cream 200ml,Cream,1154,234,168,1220,12,OK
IN000481,2023-05-18,2023,5,May,Q2,P01,Milk Bulk 1L,Milk Bulk,904,256,271,889,200,OK
IN000482,2023-05-18,2023,5,May,Q2,P02,Milk Packet 500ml,Milk Packet,865,86,145,806,500,OK
IN000483,2023-05-18,2023,5,May,Q2,P03,Milk Packet 200ml,Milk Packet,666,147,146,667,500,OK
IN000484,2023-05-18,2023,5,May,Q2,P04,Paneer 200g,Paneer,371,179,79,471,30,OK
IN000485,2023-05-18,2023,5,May,Q2,P05,Paneer 500g,Paneer,1832,180,261,1751,30,OK
IN000486,2023-05-18,2023,5,May,Q2,P06,Curd 400g,Curd,916,73,231,758,80,OK
IN000487,2023-05-18,2023,5,May,Q2,P07,Curd 1kg,Curd,783,237,155,865,80,OK
IN000488,2023-05-18,2023,5,May,Q2,P08,Ghee 500ml,Ghee,764,111,41,834,15,OK
IN000489,2023-05-18,2023,5,May,Q2,P09,Ghee 1L,Ghee,520,216,197,539,15,OK
IN000490,2023-05-18,2023,5,May,Q2,P10,Butter 100g,Butter,1061,159,245,975,25,OK
IN000491,2023-05-18,2023,5,May,Q2,P11,Butter 500g,Butter,887,188,137,938,25,OK
IN000492,2023-05-18,2023,5,May,Q2,P12,Cream 200ml,Cream,1220,163,208,1175,12,OK
IN000493,2023-05-19,2023,5,May,Q2,P01,Milk Bulk 1L,Milk Bulk,889,169,83,975,200,OK
IN000494,2023-05-19,2023,5,May,Q2,P02,Milk Packet 500ml,Milk Packet,806,278,150,934,500,OK
IN000495,2023-05-19,2023,5,May,Q2,P03,Milk Packet 200ml,Milk Packet,667,241,136,772,500,OK
IN000496,2023-05-19,2023,5,May,Q2,P04,Paneer 200g,Paneer,471,169,165,475,30,OK
IN000497,2023-05-19,2023,5,May,Q2,P05,Paneer 500g,Paneer,1751,209,184,1776,30,OK
IN000498,2023-05-19,2023,5,May,Q2,P06,Curd 400g,Curd,758,141,42,857,80,OK
IN000499,2023-05-19,2023,5,May,Q2,P07,Curd 1kg,Curd,865,105,160,810,80,OK
IN000500,2023-05-19,2023,5,May,Q2,P08,Ghee 500ml,Ghee,834,176,187,823,15,OK
