production_id,date,year,month,month_name,quarter,category,planned_qty,actual_qty,wastage_qty,net_produced_qty,raw_milk_used_L,production_efficiency_%,wastage_rate_%,shift,batch_number
PR000001,2023-04-01,2023,4,April,Q2,Milk Bulk,880,836,14,822,877.8,95.0,1.67,Evening,BATCH-20230401-MIL
PR000002,2023-04-01,2023,4,April,Q2,Milk Packet,1745,1608,18,1590,1736.6,92.15,1.12,Evening,BATCH-20230401-MIL
PR000003,2023-04-01,2023,4,April,Q2,Paneer,151,136,4,132,1156.0,90.07,2.94,Evening,BATCH-20230401-PAN
PR000004,2023-04-01,2023,4,April,Q2,Curd,247,232,8,224,255.2,93.93,3.45,Evening,BATCH-20230401-CUR
PR000005,2023-04-01,2023,4,April,Q2,Ghee,67,59,1,58,1180.0,88.06,1.69,Evening,BATCH-20230401-GHE
PR000006,2023-04-01,2023,4,April,Q2,Butter,103,92,1,91,2024.0,89.32,1.09,Morning,BATCH-20230401-BUT
PR000007,2023-04-01,2023,4,April,Q2,Cream,55,52,1,51,312.0,94.55,1.92,Evening,BATCH-20230401-CRE
PR000008,2023-04-03,2023,4,April,Q2,Milk Bulk,930,874,29,845,917.7,93.98,3.32,Morning,BATCH-20230403-MIL
PR000009,2023-04-03,2023,4,April,Q2,Milk Packet,2416,2153,84,2069,2325.2,89.11,3.9,Evening,BATCH-20230403-MIL
PR000010,2023-04-03,2023,4,April,Q2,Paneer,84,78,1,77,663.0,92.86,1.28,Morning,BATCH-20230403-PAN
PR000011,2023-04-03,2023,4,April,Q2,Curd,256,251,3,248,276.1,98.05,1.2,Evening,BATCH-20230403-CUR
PR000012,2023-04-03,2023,4,April,Q2,Ghee,72,68,0,68,1360.0,94.44,0.0,Evening,BATCH-20230403-GHE
PR000013,2023-04-03,2023,4,April,Q2,Butter,80,74,1,73,1628.0,92.5,1.35,Evening,BATCH-20230403-BUT
PR000014,2023-04-03,2023,4,April,Q2,Cream,60,55,1,54,330.0,91.67,1.82,Morning,BATCH-20230403-CRE
PR000015,2023-04-04,2023,4,April,Q2,Milk Bulk,1216,1190,34,1156,1249.5,97.86,2.86,Evening,BATCH-20230404-MIL
PR000016,2023-04-04,2023,4,April,Q2,Milk Packet,2454,2398,35,2363,2589.8,97.72,1.46,Evening,BATCH-20230404-MIL
PR000017,2023-04-04,2023,4,April,Q2,Paneer,117,108,1,107,918.0,92.31,0.93,Morning,BATCH-20230404-PAN
PR000018,2023-04-04,2023,4,April,Q2,Curd,379,357,14,343,392.7,94.2,3.92,Evening,BATCH-20230404-CUR
PR000019,2023-04-04,2023,4,April,Q2,Ghee,78,72,2,70,1440.0,92.31,2.78,Morning,BATCH-20230404-GHE
PR000020,2023-04-04,2023,4,April,Q2,Butter,63,57,1,56,1254.0,90.48,1.75,Evening,BATCH-20230404-BUT
PR000021,2023-04-04,2023,4,April,Q2,Cream,71,69,1,68,414.0,97.18,1.45,Morning,BATCH-20230404-CRE
PR000022,2023-04-05,2023,4,April,Q2,Milk Bulk,897,805,28,777,845.2,89.74,3.48,Evening,BATCH-20230405-MIL
PR000023,2023-04-05,2023,4,April,Q2,Milk Packet,2201,2081,66,2015,2247.5,94.55,3.17,Evening,BATCH-20230405-MIL
PR000024,2023-04-05,2023,4,April,Q2,Paneer,91,83,2,81,705.5,91.21,2.41,Morning,BATCH-20230405-PAN
PR000025,2023-04-05,2023,4,April,Q2,Curd,311,295,9,286,324.5,94.86,3.05,Evening,BATCH-20230405-CUR
PR000026,2023-04-05,2023,4,April,Q2,Ghee,77,70,1,69,1400.0,90.91,1.43,Morning,BATCH-20230405-GHE
PR000027,2023-04-05,2023,4,April,Q2,Butter,89,81,2,79,1782.0,91.01,2.47,Evening,BATCH-20230405-BUT
PR000028,2023-04-05,2023,4,April,Q2,Cream,56,49,0,49,294.0,87.5,0.0,Morning,BATCH-20230405-CRE
PR000029,2023-04-06,2023,4,April,Q2,Milk Bulk,1207,1124,35,1089,1180.2,93.12,3.11,Evening,BATCH-20230406-MIL
PR000030,2023-04-06,2023,4,April,Q2,Milk Packet,1896,1747,30,1717,1886.8,92.14,1.72,Evening,BATCH-20230406-MIL
PR000031,2023-04-06,2023,4,April,Q2,Paneer,102,92,1,91,782.0,90.2,1.09,Morning,BATCH-20230406-PAN
PR000032,2023-04-06,2023,4,April,Q2,Curd,361,321,10,311,353.1,88.92,3.12,Evening,BATCH-20230406-CUR
PR000033,2023-04-06,2023,4,April,Q2,Ghee,70,63,1,62,1260.0,90.0,1.59,Morning,BATCH-20230406-GHE
PR000034,2023-04-06,2023,4,April,Q2,Butter,73,67,2,65,1474.0,91.78,2.99,Evening,BATCH-20230406-BUT
PR000035,2023-04-06,2023,4,April,Q2,Cream,65,58,1,57,348.0,89.23,1.72,Morning,BATCH-20230406-CRE
PR000036,2023-04-07,2023,4,April,Q2,Milk Bulk,1143,1039,19,1020,1091.0,90.9,1.83,Evening,BATCH-20230407-MIL
PR000037,2023-04-07,2023,4,April,Q2,Milk Packet,1644,1583,37,1546,1709.6,96.29,2.34,Evening,BATCH-20230407-MIL
PR000038,2023-04-07,2023,4,April,Q2,Paneer,99,96,0,96,816.0,96.97,0.0,Evening,BATCH-20230407-PAN
PR000039,2023-04-07,2023,4,April,Q2,Curd,268,264,3,261,290.4,98.51,1.14,Evening,BATCH-20230407-CUR
PR000040,2023-04-07,2023,4,April,Q2,Ghee,81,74,2,72,1480.0,91.36,2.7,Morning,BATCH-20230407-GHE
PR000041,2023-04-07,2023,4,April,Q2,Butter,80,77,1,76,1694.0,96.25,1.3,Evening,BATCH-20230407-BUT
PR000042,2023-04-07,2023,4,April,Q2,Cream,42,41,1,40,246.0,97.62,2.44,Morning,BATCH-20230407-CRE
PR000043,2023-04-08,2023,4,April,Q2,Milk Bulk,1200,1184,12,1172,1243.2,98.67,1.01,Morning,BATCH-20230408-MIL
PR000044,2023-04-08,2023,4,April,Q2,Milk Packet,2371,2338,49,2289,2525.0,98.61,2.1,Morning,BATCH-20230408-MIL
PR000045,2023-04-08,2023,4,April,Q2,Paneer,145,130,3,127,1105.0,89.66,2.31,Morning,BATCH-20230408-PAN
PR000046,2023-04-08,2023,4,April,Q2,Curd,312,299,10,289,328.9,95.83,3.34,Evening,BATCH-20230408-CUR
PR000047,2023-04-08,2023,4,April,Q2,Ghee,66,60,2,58,1200.0,90.91,3.33,Morning,BATCH-20230408-GHE
PR000048,2023-04-08,2023,4,April,Q2,Butter,77,67,1,66,1474.0,87.01,1.49,Morning,BATCH-20230408-BUT
PR000049,2023-04-08,2023,4,April,Q2,Cream,37,33,1,32,198.0,89.19,3.03,Morning,BATCH-20230408-CRE
PR000050,2023-04-10,2023,4,April,Q2,Milk Bulk,927,817,12,805,857.9,88.13,1.47,Morning,BATCH-20230410-MIL
PR000051,2023-04-10,2023,4,April,Q2,Milk Packet,2436,2229,85,2144,2407.3,91.5,3.81,Evening,BATCH-20230410-MIL
PR000052,2023-04-10,2023,4,April,Q2,Paneer,114,102,1,101,867.0,89.47,0.98,Evening,BATCH-20230410-PAN
PR000053,2023-04-10,2023,4,April,Q2,Curd,294,272,3,269,299.2,92.52,1.1,Evening,BATCH-20230410-CUR
PR000054,2023-04-10,2023,4,April,Q2,Ghee,67,62,0,62,1240.0,92.54,0.0,Morning,BATCH-20230410-GHE
PR000055,2023-04-10,2023,4,April,Q2,Butter,91,81,2,79,1782.0,89.01,2.47,Evening,BATCH-20230410-BUT
PR000056,2023-04-10,2023,4,April,Q2,Cream,40,36,1,35,216.0,90.0,2.78,Morning,BATCH-20230410-CRE
PR000057,2023-04-11,2023,4,April,Q2,Milk Bulk,859,762,8,754,800.1,88.71,1.05,Evening,BATCH-20230411-MIL
PR000058,2023-04-11,2023,4,April,Q2,Milk Packet,2520,2228,78,2150,2406.2,88.41,3.5,Evening,BATCH-20230411-MIL
PR000059,2023-04-11,2023,4,April,Q2,Paneer,105,97,3,94,824.5,92.38,3.09,Morning,BATCH-20230411-PAN
PR000060,2023-04-11,2023,4,April,Q2,Curd,337,332,9,323,365.2,98.52,2.71,Morning,BATCH-20230411-CUR
PR000061,2023-04-11,2023,4,April,Q2,Ghee,47,45,0,45,900.0,95.74,0.0,Evening,BATCH-20230411-GHE
PR000062,2023-04-11,2023,4,April,Q2,Butter,80,77,1,76,1694.0,96.25,1.3,Evening,BATCH-20230411-BUT
PR000063,2023-04-11,2023,4,April,Q2,Cream,54,51,1,50,306.0,94.44,1.96,Morning,BATCH-20230411-CRE
PR000064,2023-04-12,2023,4,April,Q2,Milk Bulk,1169,1036,29,1007,1087.8,88.62,2.8,Morning,BATCH-20230412-MIL
PR000065,2023-04-12,2023,4,April,Q2,Milk Packet,1956,1743,46,1697,1882.4,89.11,2.64,Morning,BATCH-20230412-MIL
PR000066,2023-04-12,2023,4,April,Q2,Paneer,129,114,2,112,969.0,88.37,1.75,Evening,BATCH-20230412-PAN
PR000067,2023-04-12,2023,4,April,Q2,Curd,396,373,8,365,410.3,94.19,2.14,Morning,BATCH-20230412-CUR
PR000068,2023-04-12,2023,4,April,Q2,Ghee,68,64,1,63,1280.0,94.12,1.56,Evening,BATCH-20230412-GHE
PR000069,2023-04-12,2023,4,April,Q2,Butter,90,86,2,84,1892.0,95.56,2.33,Morning,BATCH-20230412-BUT
PR000070,2023-04-12,2023,4,April,Q2,Cream,51,45,0,45,270.0,88.24,0.0,Evening,BATCH-20230412-CRE
PR000071,2023-04-13,2023,4,April,Q2,Milk Bulk,1063,959,26,933,1007.0,90.22,2.71,Evening,BATCH-20230413-MIL
PR000072,2023-04-13,2023,4,April,Q2,Milk Packet,1630,1566,25,1541,1691.3,96.07,1.6,Evening,BATCH-20230413-MIL
PR000073,2023-04-13,2023,4,April,Q2,Paneer,120,117,4,113,994.5,97.5,3.42,Evening,BATCH-20230413-PAN
PR000074,2023-04-13,2023,4,April,Q2,Curd,320,290,7,283,319.0,90.62,2.41,Evening,BATCH-20230413-CUR
PR000075,2023-04-13,2023,4,April,Q2,Ghee,77,69,1,68,1380.0,89.61,1.45,Morning,BATCH-20230413-GHE
PR000076,2023-04-13,2023,4,April,Q2,Butter,91,86,0,86,1892.0,94.51,0.0,Morning,BATCH-20230413-BUT
PR000077,2023-04-13,2023,4,April,Q2,Cream,54,48,1,47,288.0,88.89,2.08,Morning,BATCH-20230413-CRE
PR000078,2023-04-14,2023,4,April,Q2,Milk Bulk,1123,1047,22,1025,1099.4,93.23,2.1,Morning,BATCH-20230414-MIL
PR000079,2023-04-14,2023,4,April,Q2,Milk Packet,1725,1684,66,1618,1818.7,97.62,3.92,Evening,BATCH-20230414-MIL
PR000080,2023-04-14,2023,4,April,Q2,Paneer,111,100,1,99,850.0,90.09,1.0,Evening,BATCH-20230414-PAN
PR000081,2023-04-14,2023,4,April,Q2,Curd,245,232,8,224,255.2,94.69,3.45,Morning,BATCH-20230414-CUR
PR000082,2023-04-14,2023,4,April,Q2,Ghee,56,53,1,52,1060.0,94.64,1.89,Morning,BATCH-20230414-GHE
PR000083,2023-04-14,2023,4,April,Q2,Butter,67,64,1,63,1408.0,95.52,1.56,Evening,BATCH-20230414-BUT
PR000084,2023-04-14,2023,4,April,Q2,Cream,49,47,1,46,282.0,95.92,2.13,Morning,BATCH-20230414-CRE
PR000085,2023-04-15,2023,4,April,Q2,Milk Bulk,1060,1023,37,986,1074.2,96.51,3.62,Morning,BATCH-20230415-MIL
PR000086,2023-04-15,2023,4,April,Q2,Milk Packet,2005,1797,70,1727,1940.8,89.63,3.9,Evening,BATCH-20230415-MIL
PR000087,2023-04-15,2023,4,April,Q2,Paneer,129,117,3,114,994.5,90.7,2.56,Evening,BATCH-20230415-PAN
PR000088,2023-04-15,2023,4,April,Q2,Curd,372,336,11,325,369.6,90.32,3.27,Evening,BATCH-20230415-CUR
PR000089,2023-04-15,2023,4,April,Q2,Ghee,59,55,1,54,1100.0,93.22,1.82,Evening,BATCH-20230415-GHE
PR000090,2023-04-15,2023,4,April,Q2,Butter,79,71,2,69,1562.0,89.87,2.82,Morning,BATCH-20230415-BUT
PR000091,2023-04-15,2023,4,April,Q2,Cream,64,57,0,57,342.0,89.06,0.0,Morning,BATCH-20230415-CRE
PR000092,2023-04-17,2023,4,April,Q2,Milk Bulk,1041,947,37,910,994.4,90.97,3.91,Evening,BATCH-20230417-MIL
PR000093,2023-04-17,2023,4,April,Q2,Milk Packet,2318,2264,83,2181,2445.1,97.67,3.67,Morning,BATCH-20230417-MIL
PR000094,2023-04-17,2023,4,April,Q2,Paneer,103,93,2,91,790.5,90.29,2.15,Morning,BATCH-20230417-PAN
PR000095,2023-04-17,2023,4,April,Q2,Curd,295,278,6,272,305.8,94.24,2.16,Morning,BATCH-20230417-CUR
PR000096,2023-04-17,2023,4,April,Q2,Ghee,66,58,1,57,1160.0,87.88,1.72,Evening,BATCH-20230417-GHE
PR000097,2023-04-17,2023,4,April,Q2,Butter,94,89,2,87,1958.0,94.68,2.25,Morning,BATCH-20230417-BUT
PR000098,2023-04-17,2023,4,April,Q2,Cream,45,42,0,42,252.0,93.33,0.0,Morning,BATCH-20230417-CRE
PR000099,2023-04-18,2023,4,April,Q2,Milk Bulk,880,828,10,818,869.4,94.09,1.21,Morning,BATCH-20230418-MIL
PR000100,2023-04-18,2023,4,April,Q2,Milk Packet,1751,1584,30,1554,1710.7,90.46,1.89,Morning,BATCH-20230418-MIL
PR000101,2023-04-18,2023,4,April,Q2,Paneer,120,106,2,104,901.0,88.33,1.89,Morning,BATCH-20230418-PAN
PR000102,2023-04-18,2023,4,April,Q2,Curd,233,221,6,215,243.1,94.85,2.71,Morning,BATCH-20230418-CUR
PR000103,2023-04-18,2023,4,April,Q2,Ghee,67,64,1,63,1280.0,95.52,1.56,Morning,BATCH-20230418-GHE
PR000104,2023-04-18,2023,4,April,Q2,Butter,107,100,3,97,2200.0,93.46,3.0,Evening,BATCH-20230418-BUT
PR000105,2023-04-18,2023,4,April,Q2,Cream,56,54,1,53,324.0,96.43,1.85,Evening,BATCH-20230418-CRE
PR000106,2023-04-19,2023,4,April,Q2,Milk Bulk,1231,1194,14,1180,1253.7,96.99,1.17,Morning,BATCH-20230419-MIL
PR000107,2023-04-19,2023,4,April,Q2,Milk Packet,1771,1667,63,1604,1800.4,94.13,3.78,Morning,BATCH-20230419-MIL
PR000108,2023-04-19,2023,4,April,Q2,Paneer,145,133,2,131,1130.5,91.72,1.5,Morning,BATCH-20230419-PAN
PR000109,2023-04-19,2023,4,April,Q2,Curd,385,379,13,366,416.9,98.44,3.43,Evening,BATCH-20230419-CUR
PR000110,2023-04-19,2023,4,April,Q2,Ghee,56,50,0,50,1000.0,89.29,0.0,Morning,BATCH-20230419-GHE
PR000111,2023-04-19,2023,4,April,Q2,Butter,107,95,1,94,2090.0,88.79,1.05,Morning,BATCH-20230419-BUT
PR000112,2023-04-19,2023,4,April,Q2,Cream,31,30,0,30,180.0,96.77,0.0,Evening,BATCH-20230419-CRE
PR000113,2023-04-20,2023,4,April,Q2,Milk Bulk,1213,1175,37,1138,1233.8,96.87,3.15,Evening,BATCH-20230420-MIL
PR000114,2023-04-20,2023,4,April,Q2,Milk Packet,1726,1619,51,1568,1748.5,93.8,3.15,Morning,BATCH-20230420-MIL
PR000115,2023-04-20,2023,4,April,Q2,Paneer,151,136,4,132,1156.0,90.07,2.94,Evening,BATCH-20230420-PAN
PR000116,2023-04-20,2023,4,April,Q2,Curd,337,297,11,286,326.7,88.13,3.7,Evening,BATCH-20230420-CUR
PR000117,2023-04-20,2023,4,April,Q2,Ghee,53,51,1,50,1020.0,96.23,1.96,Morning,BATCH-20230420-GHE
PR000118,2023-04-20,2023,4,April,Q2,Butter,112,107,2,105,2354.0,95.54,1.87,Morning,BATCH-20230420-BUT
PR000119,2023-04-20,2023,4,April,Q2,Cream,32,28,0,28,168.0,87.5,0.0,Morning,BATCH-20230420-CRE
PR000120,2023-04-21,2023,4,April,Q2,Milk Bulk,879,854,27,827,896.7,97.16,3.16,Evening,BATCH-20230421-MIL
PR000121,2023-04-21,2023,4,April,Q2,Milk Packet,1812,1608,18,1590,1736.6,88.74,1.12,Morning,BATCH-20230421-MIL
PR000122,2023-04-21,2023,4,April,Q2,Paneer,95,86,2,84,731.0,90.53,2.33,Morning,BATCH-20230421-PAN
PR000123,2023-04-21,2023,4,April,Q2,Curd,389,373,12,361,410.3,95.89,3.22,Morning,BATCH-20230421-CUR
PR000124,2023-04-21,2023,4,April,Q2,Ghee,54,51,1,50,1020.0,94.44,1.96,Morning,BATCH-20230421-GHE
PR000125,2023-04-21,2023,4,April,Q2,Butter,82,78,2,76,1716.0,95.12,2.56,Evening,BATCH-20230421-BUT
PR000126,2023-04-21,2023,4,April,Q2,Cream,69,62,1,61,372.0,89.86,1.61,Evening,BATCH-20230421-CRE
PR000127,2023-04-22,2023,4,April,Q2,Milk Bulk,922,879,16,863,923.0,95.34,1.82,Morning,BATCH-20230422-MIL
PR000128,2023-04-22,2023,4,April,Q2,Milk Packet,2041,1886,56,1830,2036.9,92.41,2.97,Evening,BATCH-20230422-MIL
PR000129,2023-04-22,2023,4,April,Q2,Paneer,96,87,3,84,739.5,90.62,3.45,Evening,BATCH-20230422-PAN
PR000130,2023-04-22,2023,4,April,Q2,Curd,265,253,3,250,278.3,95.47,1.19,Evening,BATCH-20230422-CUR
PR000131,2023-04-22,2023,4,April,Q2,Ghee,70,66,2,64,1320.0,94.29,3.03,Evening,BATCH-20230422-GHE
PR000132,2023-04-22,2023,4,April,Q2,Butter,79,77,2,75,1694.0,97.47,2.6,Evening,BATCH-20230422-BUT
PR000133,2023-04-22,2023,4,April,Q2,Cream,52,47,1,46,282.0,90.38,2.13,Morning,BATCH-20230422-CRE
PR000134,2023-04-24,2023,4,April,Q2,Milk Bulk,1059,1021,32,989,1072.0,96.41,3.13,Evening,BATCH-20230424-MIL
PR000135,2023-04-24,2023,4,April,Q2,Milk Packet,1962,1890,71,1819,2041.2,96.33,3.76,Evening,BATCH-20230424-MIL
PR000136,2023-04-24,2023,4,April,Q2,Paneer,110,102,2,100,867.0,92.73,1.96,Morning,BATCH-20230424-PAN
PR000137,2023-04-24,2023,4,April,Q2,Curd,353,330,3,327,363.0,93.48,0.91,Morning,BATCH-20230424-CUR
PR000138,2023-04-24,2023,4,April,Q2,Ghee,77,69,1,68,1380.0,89.61,1.45,Morning,BATCH-20230424-GHE
PR000139,2023-04-24,2023,4,April,Q2,Butter,64,59,1,58,1298.0,92.19,1.69,Evening,BATCH-20230424-BUT
PR000140,2023-04-24,2023,4,April,Q2,Cream,37,34,1,33,204.0,91.89,2.94,Morning,BATCH-20230424-CRE
PR000141,2023-04-25,2023,4,April,Q2,Milk Bulk,1014,988,18,970,1037.4,97.44,1.82,Evening,BATCH-20230425-MIL
PR000142,2023-04-25,2023,4,April,Q2,Milk Packet,2075,1861,43,1818,2009.9,89.69,2.31,Evening,BATCH-20230425-MIL
PR000143,2023-04-25,2023,4,April,Q2,Paneer,108,103,1,102,875.5,95.37,0.97,Evening,BATCH-20230425-PAN
PR000144,2023-04-25,2023,4,April,Q2,Curd,333,319,5,314,350.9,95.8,1.57,Morning,BATCH-20230425-CUR
PR000145,2023-04-25,2023,4,April,Q2,Ghee,71,66,1,65,1320.0,92.96,1.52,Morning,BATCH-20230425-GHE
PR000146,2023-04-25,2023,4,April,Q2,Butter,79,71,1,70,1562.0,89.87,1.41,Morning,BATCH-20230425-BUT
PR000147,2023-04-25,2023,4,April,Q2,Cream,48,46,0,46,276.0,95.83,0.0,Morning,BATCH-20230425-CRE
PR000148,2023-04-26,2023,4,April,Q2,Milk Bulk,979,877,28,849,920.9,89.58,3.19,Morning,BATCH-20230426-MIL
PR000149,2023-04-26,2023,4,April,Q2,Milk Packet,2610,2386,80,2306,2576.9,91.42,3.35,Morning,BATCH-20230426-MIL
PR000150,2023-04-26,2023,4,April,Q2,Paneer,130,123,3,120,1045.5,94.62,2.44,Morning,BATCH-20230426-PAN
PR000151,2023-04-26,2023,4,April,Q2,Curd,253,229,7,222,251.9,90.51,3.06,Morning,BATCH-20230426-CUR
PR000152,2023-04-26,2023,4,April,Q2,Ghee,60,53,0,53,1060.0,88.33,0.0,Evening,BATCH-20230426-GHE
PR000153,2023-04-26,2023,4,April,Q2,Butter,117,113,3,110,2486.0,96.58,2.65,Morning,BATCH-20230426-BUT
PR000154,2023-04-26,2023,4,April,Q2,Cream,71,64,1,63,384.0,90.14,1.56,Evening,BATCH-20230426-CRE
PR000155,2023-04-27,2023,4,April,Q2,Milk Bulk,958,927,34,893,973.4,96.76,3.67,Morning,BATCH-20230427-MIL
PR000156,2023-04-27,2023,4,April,Q2,Milk Packet,1834,1744,33,1711,1883.5,95.09,1.89,Morning,BATCH-20230427-MIL
PR000157,2023-04-27,2023,4,April,Q2,Paneer,123,117,1,116,994.5,95.12,0.85,Morning,BATCH-20230427-PAN
PR000158,2023-04-27,2023,4,April,Q2,Curd,403,388,6,382,426.8,96.28,1.55,Evening,BATCH-20230427-CUR
PR000159,2023-04-27,2023,4,April,Q2,Ghee,70,66,1,65,1320.0,94.29,1.52,Evening,BATCH-20230427-GHE
PR000160,2023-04-27,2023,4,April,Q2,Butter,102,90,3,87,1980.0,88.24,3.33,Morning,BATCH-20230427-BUT
PR000161,2023-04-27,2023,4,April,Q2,Cream,60,59,1,58,354.0,98.33,1.69,Morning,BATCH-20230427-CRE
PR000162,2023-04-28,2023,4,April,Q2,Milk Bulk,1124,1098,18,1080,1152.9,97.69,1.64,Evening,BATCH-20230428-MIL
PR000163,2023-04-28,2023,4,April,Q2,Milk Packet,1776,1639,30,1609,1770.1,92.29,1.83,Morning,BATCH-20230428-MIL
PR000164,2023-04-28,2023,4,April,Q2,Paneer,134,126,4,122,1071.0,94.03,3.17,Morning,BATCH-20230428-PAN
PR000165,2023-04-28,2023,4,April,Q2,Curd,347,339,9,330,372.9,97.69,2.65,Evening,BATCH-20230428-CUR
PR000166,2023-04-28,2023,4,April,Q2,Ghee,45,43,1,42,860.0,95.56,2.33,Morning,BATCH-20230428-GHE
PR000167,2023-04-28,2023,4,April,Q2,Butter,63,60,2,58,1320.0,95.24,3.33,Evening,BATCH-20230428-BUT
PR000168,2023-04-28,2023,4,April,Q2,Cream,70,61,2,59,366.0,87.14,3.28,Evening,BATCH-20230428-CRE
PR000169,2023-04-29,2023,4,April,Q2,Milk Bulk,858,790,22,768,829.5,92.07,2.78,Evening,BATCH-20230429-MIL
PR000170,2023-04-29,2023,4,April,Q2,Milk Packet,2189,1982,53,1929,2140.6,90.54,2.67,Evening,BATCH-20230429-MIL
PR000171,2023-04-29,2023,4,April,Q2,Paneer,105,98,1,97,833.0,93.33,1.02,Morning,BATCH-20230429-PAN
PR000172,2023-04-29,2023,4,April,Q2,Curd,290,262,2,260,288.2,90.34,0.76,Evening,BATCH-20230429-CUR
PR000173,2023-04-29,2023,4,April,Q2,Ghee,61,59,0,59,1180.0,96.72,0.0,Morning,BATCH-20230429-GHE
PR000174,2023-04-29,2023,4,April,Q2,Butter,116,103,1,102,2266.0,88.79,0.97,Evening,BATCH-20230429-BUT
PR000175,2023-04-29,2023,4,April,Q2,Cream,71,64,1,63,384.0,90.14,1.56,Morning,BATCH-20230429-CRE
PR000176,2023-05-01,2023,5,May,Q2,Milk Bulk,1223,1209,29,1180,1269.5,98.86,2.4,Evening,BATCH-20230501-MIL
PR000177,2023-05-01,2023,5,May,Q2,Milk Packet,2086,1960,20,1940,2116.8,93.96,1.02,Morning,BATCH-20230501-MIL
PR000178,2023-05-01,2023,5,May,Q2,Paneer,97,85,3,82,722.5,87.63,3.53,Evening,BATCH-20230501-PAN
PR000179,2023-05-01,2023,5,May,Q2,Curd,224,206,4,202,226.6,91.96,1.94,Evening,BATCH-20230501-CUR
PR000180,2023-05-01,2023,5,May,Q2,Ghee,50,44,1,43,880.0,88.0,2.27,Morning,BATCH-20230501-GHE
PR000181,2023-05-01,2023,5,May,Q2,Butter,108,106,1,105,2332.0,98.15,0.94,Morning,BATCH-20230501-BUT
PR000182,2023-05-01,2023,5,May,Q2,Cream,36,33,1,32,198.0,91.67,3.03,Morning,BATCH-20230501-CRE
PR000183,2023-05-02,2023,5,May,Q2,Milk Bulk,1211,1135,38,1097,1191.8,93.72,3.35,Morning,BATCH-20230502-MIL
PR000184,2023-05-02,2023,5,May,Q2,Milk Packet,2385,2356,41,2315,2544.5,98.78,1.74,Evening,BATCH-20230502-MIL
PR000185,2023-05-02,2023,5,May,Q2,Paneer,114,106,2,104,901.0,92.98,1.89,Evening,BATCH-20230502-PAN
PR000186,2023-05-02,2023,5,May,Q2,Curd,390,363,6,357,399.3,93.08,1.65,Morning,BATCH-20230502-CUR
PR000187,2023-05-02,2023,5,May,Q2,Ghee,52,48,1,47,960.0,92.31,2.08,Morning,BATCH-20230502-GHE
PR000188,2023-05-02,2023,5,May,Q2,Butter,91,81,2,79,1782.0,89.01,2.47,Evening,BATCH-20230502-BUT
PR000189,2023-05-02,2023,5,May,Q2,Cream,66,64,0,64,384.0,96.97,0.0,Morning,BATCH-20230502-CRE
PR000190,2023-05-03,2023,5,May,Q2,Milk Bulk,1270,1248,44,1204,1310.4,98.27,3.53,Morning,BATCH-20230503-MIL
PR000191,2023-05-03,2023,5,May,Q2,Milk Packet,2020,1931,41,1890,2085.5,95.59,2.12,Morning,BATCH-20230503-MIL
PR000192,2023-05-03,2023,5,May,Q2,Paneer,160,142,1,141,1207.0,88.75,0.7,Evening,BATCH-20230503-PAN
PR000193,2023-05-03,2023,5,May,Q2,Curd,309,279,10,269,306.9,90.29,3.58,Evening,BATCH-20230503-CUR
PR000194,2023-05-03,2023,5,May,Q2,Ghee,47,44,1,43,880.0,93.62,2.27,Evening,BATCH-20230503-GHE
PR000195,2023-05-03,2023,5,May,Q2,Butter,114,110,1,109,2420.0,96.49,0.91,Morning,BATCH-20230503-BUT
PR000196,2023-05-03,2023,5,May,Q2,Cream,60,53,1,52,318.0,88.33,1.89,Evening,BATCH-20230503-CRE
PR000197,2023-05-04,2023,5,May,Q2,Milk Bulk,928,888,12,876,932.4,95.69,1.35,Morning,BATCH-20230504-MIL
PR000198,2023-05-04,2023,5,May,Q2,Milk Packet,1862,1773,32,1741,1914.8,95.22,1.8,Evening,BATCH-20230504-MIL
PR000199,2023-05-04,2023,5,May,Q2,Paneer,101,94,1,93,799.0,93.07,1.06,Morning,BATCH-20230504-PAN
PR000200,2023-05-04,2023,5,May,Q2,Curd,283,274,2,272,301.4,96.82,0.73,Evening,BATCH-20230504-CUR
PR000201,2023-05-04,2023,5,May,Q2,Ghee,71,66,1,65,1320.0,92.96,1.52,Morning,BATCH-20230504-GHE
PR000202,2023-05-04,2023,5,May,Q2,Butter,69,63,2,61,1386.0,91.3,3.17,Morning,BATCH-20230504-BUT
PR000203,2023-05-04,2023,5,May,Q2,Cream,51,45,0,45,270.0,88.24,0.0,Morning,BATCH-20230504-CRE
PR000204,2023-05-05,2023,5,May,Q2,Milk Bulk,1212,1183,44,1139,1242.2,97.61,3.72,Evening,BATCH-20230505-MIL
PR000205,2023-05-05,2023,5,May,Q2,Milk Packet,2063,1883,60,1823,2033.6,91.27,3.19,Morning,BATCH-20230505-MIL
PR000206,2023-05-05,2023,5,May,Q2,Paneer,121,115,3,112,977.5,95.04,2.61,Evening,BATCH-20230505-PAN
PR000207,2023-05-05,2023,5,May,Q2,Curd,298,286,6,280,314.6,95.97,2.1,Evening,BATCH-20230505-CUR
PR000208,2023-05-05,2023,5,May,Q2,Ghee,83,74,2,72,1480.0,89.16,2.7,Evening,BATCH-20230505-GHE
PR000209,2023-05-05,2023,5,May,Q2,Butter,129,117,2,115,2574.0,90.7,1.71,Morning,BATCH-20230505-BUT
PR000210,2023-05-05,2023,5,May,Q2,Cream,73,71,1,70,426.0,97.26,1.41,Evening,BATCH-20230505-CRE
PR000211,2023-05-06,2023,5,May,Q2,Milk Bulk,1178,1087,28,1059,1141.4,92.28,2.58,Evening,BATCH-20230506-MIL
PR000212,2023-05-06,2023,5,May,Q2,Milk Packet,2301,2100,49,2051,2268.0,91.26,2.33,Morning,BATCH-20230506-MIL
PR000213,2023-05-06,2023,5,May,Q2,Paneer,127,121,3,118,1028.5,95.28,2.48,Morning,BATCH-20230506-PAN
PR000214,2023-05-06,2023,5,May,Q2,Curd,236,212,5,207,233.2,89.83,2.36,Morning,BATCH-20230506-CUR
PR000215,2023-05-06,2023,5,May,Q2,Ghee,75,69,0,69,1380.0,92.0,0.0,Evening,BATCH-20230506-GHE
PR000216,2023-05-06,2023,5,May,Q2,Butter,90,87,2,85,1914.0,96.67,2.3,Evening,BATCH-20230506-BUT
PR000217,2023-05-06,2023,5,May,Q2,Cream,51,46,0,46,276.0,90.2,0.0,Evening,BATCH-20230506-CRE
PR000218,2023-05-08,2023,5,May,Q2,Milk Bulk,1123,1023,11,1012,1074.2,91.1,1.08,Morning,BATCH-20230508-MIL
PR000219,2023-05-08,2023,5,May,Q2,Milk Packet,1661,1539,54,1485,1662.1,92.66,3.51,Evening,BATCH-20230508-MIL
PR000220,2023-05-08,2023,5,May,Q2,Paneer,128,124,4,120,1054.0,96.88,3.23,Evening,BATCH-20230508-PAN
PR000221,2023-05-08,2023,5,May,Q2,Curd,315,288,7,281,316.8,91.43,2.43,Morning,BATCH-20230508-CUR
PR000222,2023-05-08,2023,5,May,Q2,Ghee,63,55,0,55,1100.0,87.3,0.0,Evening,BATCH-20230508-GHE
PR000223,2023-05-08,2023,5,May,Q2,Butter,66,65,2,63,1430.0,98.48,3.08,Morning,BATCH-20230508-BUT
PR000224,2023-05-08,2023,5,May,Q2,Cream,41,38,1,37,228.0,92.68,2.63,Morning,BATCH-20230508-CRE
PR000225,2023-05-09,2023,5,May,Q2,Milk Bulk,1152,1063,23,1040,1116.2,92.27,2.16,Morning,BATCH-20230509-MIL
PR000226,2023-05-09,2023,5,May,Q2,Milk Packet,2212,1947,21,1926,2102.8,88.02,1.08,Morning,BATCH-20230509-MIL
PR000227,2023-05-09,2023,5,May,Q2,Paneer,162,160,3,157,1360.0,98.77,1.88,Morning,BATCH-20230509-PAN
PR000228,2023-05-09,2023,5,May,Q2,Curd,334,294,4,290,323.4,88.02,1.36,Evening,BATCH-20230509-CUR
PR000229,2023-05-09,2023,5,May,Q2,Ghee,67,66,2,64,1320.0,98.51,3.03,Morning,BATCH-20230509-GHE
PR000230,2023-05-09,2023,5,May,Q2,Butter,94,90,1,89,1980.0,95.74,1.11,Evening,BATCH-20230509-BUT
PR000231,2023-05-09,2023,5,May,Q2,Cream,50,44,0,44,264.0,88.0,0.0,Evening,BATCH-20230509-CRE
PR000232,2023-05-10,2023,5,May,Q2,Milk Bulk,1114,1039,19,1020,1091.0,93.27,1.83,Morning,BATCH-20230510-MIL
PR000233,2023-05-10,2023,5,May,Q2,Milk Packet,1908,1795,45,1750,1938.6,94.08,2.51,Evening,BATCH-20230510-MIL
PR000234,2023-05-10,2023,5,May,Q2,Paneer,163,160,4,156,1360.0,98.16,2.5,Morning,BATCH-20230510-PAN
PR000235,2023-05-10,2023,5,May,Q2,Curd,338,331,11,320,364.1,97.93,3.32,Evening,BATCH-20230510-CUR
PR000236,2023-05-10,2023,5,May,Q2,Ghee,68,65,0,65,1300.0,95.59,0.0,Morning,BATCH-20230510-GHE
PR000237,2023-05-10,2023,5,May,Q2,Butter,82,72,0,72,1584.0,87.8,0.0,Morning,BATCH-20230510-BUT
PR000238,2023-05-10,2023,5,May,Q2,Cream,61,53,0,53,318.0,86.89,0.0,Evening,BATCH-20230510-CRE
PR000239,2023-05-11,2023,5,May,Q2,Milk Bulk,1305,1280,31,1249,1344.0,98.08,2.42,Morning,BATCH-20230511-MIL
PR000240,2023-05-11,2023,5,May,Q2,Milk Packet,1760,1696,55,1641,1831.7,96.36,3.24,Evening,BATCH-20230511-MIL
PR000241,2023-05-11,2023,5,May,Q2,Paneer,137,124,4,120,1054.0,90.51,3.23,Morning,BATCH-20230511-PAN
PR000242,2023-05-11,2023,5,May,Q2,Curd,401,384,13,371,422.4,95.76,3.39,Evening,BATCH-20230511-CUR
PR000243,2023-05-11,2023,5,May,Q2,Ghee,45,41,0,41,820.0,91.11,0.0,Morning,BATCH-20230511-GHE
PR000244,2023-05-11,2023,5,May,Q2,Butter,102,98,1,97,2156.0,96.08,1.02,Evening,BATCH-20230511-BUT
PR000245,2023-05-11,2023,5,May,Q2,Cream,58,54,2,52,324.0,93.1,3.7,Evening,BATCH-20230511-CRE
PR000246,2023-05-12,2023,5,May,Q2,Milk Bulk,927,903,34,869,948.2,97.41,3.77,Evening,BATCH-20230512-MIL
PR000247,2023-05-12,2023,5,May,Q2,Milk Packet,2216,1997,60,1937,2156.8,90.12,3.0,Morning,BATCH-20230512-MIL
PR000248,2023-05-12,2023,5,May,Q2,Paneer,135,123,3,120,1045.5,91.11,2.44,Morning,BATCH-20230512-PAN
PR000249,2023-05-12,2023,5,May,Q2,Curd,292,257,2,255,282.7,88.01,0.78,Morning,BATCH-20230512-CUR
PR000250,2023-05-12,2023,5,May,Q2,Ghee,58,55,1,54,1100.0,94.83,1.82,Morning,BATCH-20230512-GHE
PR000251,2023-05-12,2023,5,May,Q2,Butter,117,113,2,111,2486.0,96.58,1.77,Evening,BATCH-20230512-BUT
PR000252,2023-05-12,2023,5,May,Q2,Cream,40,38,1,37,228.0,95.0,2.63,Morning,BATCH-20230512-CRE
PR000253,2023-05-13,2023,5,May,Q2,Milk Bulk,1301,1160,42,1118,1218.0,89.16,3.62,Morning,BATCH-20230513-MIL
PR000254,2023-05-13,2023,5,May,Q2,Milk Packet,2130,2106,35,2071,2274.5,98.87,1.66,Morning,BATCH-20230513-MIL
PR000255,2023-05-13,2023,5,May,Q2,Paneer,156,146,1,145,1241.0,93.59,0.68,Morning,BATCH-20230513-PAN
PR000256,2023-05-13,2023,5,May,Q2,Curd,327,315,4,311,346.5,96.33,1.27,Evening,BATCH-20230513-CUR
PR000257,2023-05-13,2023,5,May,Q2,Ghee,85,79,2,77,1580.0,92.94,2.53,Evening,BATCH-20230513-GHE
PR000258,2023-05-13,2023,5,May,Q2,Butter,124,119,1,118,2618.0,95.97,0.84,Morning,BATCH-20230513-BUT
PR000259,2023-05-13,2023,5,May,Q2,Cream,46,43,0,43,258.0,93.48,0.0,Evening,BATCH-20230513-CRE
PR000260,2023-05-15,2023,5,May,Q2,Milk Bulk,1274,1152,40,1112,1209.6,90.42,3.47,Evening,BATCH-20230515-MIL
PR000261,2023-05-15,2023,5,May,Q2,Milk Packet,1654,1631,18,1613,1761.5,98.61,1.1,Evening,BATCH-20230515-MIL
PR000262,2023-05-15,2023,5,May,Q2,Paneer,106,102,1,101,867.0,96.23,0.98,Morning,BATCH-20230515-PAN
PR000263,2023-05-15,2023,5,May,Q2,Curd,297,282,7,275,310.2,94.95,2.48,Evening,BATCH-20230515-CUR
PR000264,2023-05-15,2023,5,May,Q2,Ghee,55,51,0,51,1020.0,92.73,0.0,Morning,BATCH-20230515-GHE
PR000265,2023-05-15,2023,5,May,Q2,Butter,75,70,2,68,1540.0,93.33,2.86,Morning,BATCH-20230515-BUT
PR000266,2023-05-15,2023,5,May,Q2,Cream,70,63,1,62,378.0,90.0,1.59,Evening,BATCH-20230515-CRE
PR000267,2023-05-16,2023,5,May,Q2,Milk Bulk,1181,1127,40,1087,1183.4,95.43,3.55,Morning,BATCH-20230516-MIL
PR000268,2023-05-16,2023,5,May,Q2,Milk Packet,2388,2289,77,2212,2472.1,95.85,3.36,Morning,BATCH-20230516-MIL
PR000269,2023-05-16,2023,5,May,Q2,Paneer,157,149,4,145,1266.5,94.9,2.68,Evening,BATCH-20230516-PAN
PR000270,2023-05-16,2023,5,May,Q2,Curd,262,244,3,241,268.4,93.13,1.23,Morning,BATCH-20230516-CUR
PR000271,2023-05-16,2023,5,May,Q2,Ghee,72,69,1,68,1380.0,95.83,1.45,Morning,BATCH-20230516-GHE
PR000272,2023-05-16,2023,5,May,Q2,Butter,101,92,1,91,2024.0,91.09,1.09,Morning,BATCH-20230516-BUT
PR000273,2023-05-16,2023,5,May,Q2,Cream,66,59,0,59,354.0,89.39,0.0,Morning,BATCH-20230516-CRE
PR000274,2023-05-17,2023,5,May,Q2,Milk Bulk,898,858,31,827,900.9,95.55,3.61,Evening,BATCH-20230517-MIL
PR000275,2023-05-17,2023,5,May,Q2,Milk Packet,2413,2321,34,2287,2506.7,96.19,1.46,Morning,BATCH-20230517-MIL
PR000276,2023-05-17,2023,5,May,Q2,Paneer,105,96,3,93,816.0,91.43,3.12,Morning,BATCH-20230517-PAN
PR000277,2023-05-17,2023,5,May,Q2,Curd,376,358,10,348,393.8,95.21,2.79,Evening,BATCH-20230517-CUR
PR000278,2023-05-17,2023,5,May,Q2,Ghee,47,46,0,46,920.0,97.87,0.0,Morning,BATCH-20230517-GHE
PR000279,2023-05-17,2023,5,May,Q2,Butter,85,83,1,82,1826.0,97.65,1.2,Evening,BATCH-20230517-BUT
PR000280,2023-05-17,2023,5,May,Q2,Cream,39,34,0,34,204.0,87.18,0.0,Morning,BATCH-20230517-CRE
PR000281,2023-05-18,2023,5,May,Q2,Milk Bulk,1168,1057,26,1031,1109.9,90.5,2.46,Evening,BATCH-20230518-MIL
PR000282,2023-05-18,2023,5,May,Q2,Milk Packet,2649,2520,67,2453,2721.6,95.13,2.66,Evening,BATCH-20230518-MIL
PR000283,2023-05-18,2023,5,May,Q2,Paneer,93,87,3,84,739.5,93.55,3.45,Evening,BATCH-20230518-PAN
PR000284,2023-05-18,2023,5,May,Q2,Curd,425,381,12,369,419.1,89.65,3.15,Evening,BATCH-20230518-CUR
PR000285,2023-05-18,2023,5,May,Q2,Ghee,86,77,2,75,1540.0,89.53,2.6,Evening,BATCH-20230518-GHE
PR000286,2023-05-18,2023,5,May,Q2,Butter,121,113,2,111,2486.0,93.39,1.77,Morning,BATCH-20230518-BUT
PR000287,2023-05-18,2023,5,May,Q2,Cream,51,46,1,45,276.0,90.2,2.17,Evening,BATCH-20230518-CRE
PR000288,2023-05-19,2023,5,May,Q2,Milk Bulk,1203,1137,26,1111,1193.9,94.51,2.29,Morning,BATCH-20230519-MIL
PR000289,2023-05-19,2023,5,May,Q2,Milk Packet,2196,2157,35,2122,2329.6,98.22,1.62,Evening,BATCH-20230519-MIL
PR000290,2023-05-19,2023,5,May,Q2,Paneer,134,118,2,116,1003.0,88.06,1.69,Evening,BATCH-20230519-PAN
PR000291,2023-05-19,2023,5,May,Q2,Curd,421,414,12,402,455.4,98.34,2.9,Morning,BATCH-20230519-CUR
PR000292,2023-05-19,2023,5,May,Q2,Ghee,86,82,1,81,1640.0,95.35,1.22,Evening,BATCH-20230519-GHE
PR000293,2023-05-19,2023,5,May,Q2,Butter,69,68,2,66,1496.0,98.55,2.94,Morning,BATCH-20230519-BUT
PR000294,2023-05-19,2023,5,May,Q2,Cream,35,33,0,33,198.0,94.29,0.0,Evening,BATCH-20230519-CRE
PR000295,2023-05-20,2023,5,May,Q2,Milk Bulk,881,817,10,807,857.9,92.74,1.22,Evening,BATCH-20230520-MIL
PR000296,2023-05-20,2023,5,May,Q2,Milk Packet,2535,2258,71,2187,2438.6,89.07,3.14,Evening,BATCH-20230520-MIL
PR000297,2023-05-20,2023,5,May,Q2,Paneer,151,136,1,135,1156.0,90.07,0.74,Morning,BATCH-20230520-PAN
PR000298,2023-05-20,2023,5,May,Q2,Curd,369,339,5,334,372.9,91.87,1.47,Morning,BATCH-20230520-CUR
PR000299,2023-05-20,2023,5,May,Q2,Ghee,53,47,1,46,940.0,88.68,2.13,Morning,BATCH-20230520-GHE
PR000300,2023-05-20,2023,5,May,Q2,Butter,117,112,3,109,2464.0,95.73,2.68,Evening,BATCH-20230520-BUT
PR000301,2023-05-20,2023,5,May,Q2,Cream,39,37,1,36,222.0,94.87,2.7,Evening,BATCH-20230520-CRE
PR000302,2023-05-22,2023,5,May,Q2,Milk Bulk,1211,1139,31,1108,1196.0,94.05,2.72,Evening,BATCH-20230522-MIL
PR000303,2023-05-22,2023,5,May,Q2,Milk Packet,2341,2260,78,2182,2440.8,96.54,3.45,Morning,BATCH-20230522-MIL
PR000304,2023-05-22,2023,5,May,Q2,Paneer,116,111,1,110,943.5,95.69,0.9,Evening,BATCH-20230522-PAN
PR000305,2023-05-22,2023,5,May,Q2,Curd,282,253,7,246,278.3,89.72,2.77,Morning,BATCH-20230522-CUR
PR000306,2023-05-22,2023,5,May,Q2,Ghee,64,57,1,56,1140.0,89.06,1.75,Evening,BATCH-20230522-GHE
PR000307,2023-05-22,2023,5,May,Q2,Butter,114,106,2,104,2332.0,92.98,1.89,Evening,BATCH-20230522-BUT
PR000308,2023-05-22,2023,5,May,Q2,Cream,60,57,2,55,342.0,95.0,3.51,Morning,BATCH-20230522-CRE
PR000309,2023-05-23,2023,5,May,Q2,Milk Bulk,1070,967,35,932,1015.4,90.37,3.62,Evening,BATCH-20230523-MIL
PR000310,2023-05-23,2023,5,May,Q2,Milk Packet,2321,2224,73,2151,2401.9,95.82,3.28,Evening,BATCH-20230523-MIL
PR000311,2023-05-23,2023,5,May,Q2,Paneer,129,124,3,121,1054.0,96.12,2.42,Morning,BATCH-20230523-PAN
PR000312,2023-05-23,2023,5,May,Q2,Curd,378,353,4,349,388.3,93.39,1.13,Evening,BATCH-20230523-CUR
PR000313,2023-05-23,2023,5,May,Q2,Ghee,61,58,1,57,1160.0,95.08,1.72,Morning,BATCH-20230523-GHE
PR000314,2023-05-23,2023,5,May,Q2,Butter,68,61,1,60,1342.0,89.71,1.64,Morning,BATCH-20230523-BUT
PR000315,2023-05-23,2023,5,May,Q2,Cream,45,40,1,39,240.0,88.89,2.5,Morning,BATCH-20230523-CRE
PR000316,2023-05-24,2023,5,May,Q2,Milk Bulk,1093,1021,23,998,1072.0,93.41,2.25,Morning,BATCH-20230524-MIL
PR000317,2023-05-24,2023,5,May,Q2,Milk Packet,1791,1731,55,1676,1869.5,96.65,3.18,Morning,BATCH-20230524-MIL
PR000318,2023-05-24,2023,5,May,Q2,Paneer,139,129,4,125,1096.5,92.81,3.1,Evening,BATCH-20230524-PAN
PR000319,2023-05-24,2023,5,May,Q2,Curd,365,324,4,320,356.4,88.77,1.23,Morning,BATCH-20230524-CUR
PR000320,2023-05-24,2023,5,May,Q2,Ghee,56,50,1,49,1000.0,89.29,2.0,Morning,BATCH-20230524-GHE
PR000321,2023-05-24,2023,5,May,Q2,Butter,106,100,1,99,2200.0,94.34,1.0,Morning,BATCH-20230524-BUT
PR000322,2023-05-24,2023,5,May,Q2,Cream,34,31,0,31,186.0,91.18,0.0,Evening,BATCH-20230524-CRE
PR000323,2023-05-25,2023,5,May,Q2,Milk Bulk,911,834,32,802,875.7,91.55,3.84,Evening,BATCH-20230525-MIL
PR000324,2023-05-25,2023,5,May,Q2,Milk Packet,2110,1932,42,1890,2086.6,91.56,2.17,Morning,BATCH-20230525-MIL
PR000325,2023-05-25,2023,5,May,Q2,Paneer,113,110,2,108,935.0,97.35,1.82,Evening,BATCH-20230525-PAN
PR000326,2023-05-25,2023,5,May,Q2,Curd,279,251,9,242,276.1,89.96,3.59,Evening,BATCH-20230525-CUR
PR000327,2023-05-25,2023,5,May,Q2,Ghee,47,43,1,42,860.0,91.49,2.33,Evening,BATCH-20230525-GHE
PR000328,2023-05-25,2023,5,May,Q2,Butter,107,95,3,92,2090.0,88.79,3.16,Morning,BATCH-20230525-BUT
PR000329,2023-05-25,2023,5,May,Q2,Cream,52,49,1,48,294.0,94.23,2.04,Evening,BATCH-20230525-CRE
PR000330,2023-05-26,2023,5,May,Q2,Milk Bulk,979,926,28,898,972.3,94.59,3.02,Morning,BATCH-20230526-MIL
PR000331,2023-05-26,2023,5,May,Q2,Milk Packet,2277,2004,41,1963,2164.3,88.01,2.05,Morning,BATCH-20230526-MIL
PR000332,2023-05-26,2023,5,May,Q2,Paneer,116,102,1,101,867.0,87.93,0.98,Evening,BATCH-20230526-PAN
PR000333,2023-05-26,2023,5,May,Q2,Curd,392,368,13,355,404.8,93.88,3.53,Morning,BATCH-20230526-CUR
PR000334,2023-05-26,2023,5,May,Q2,Ghee,84,76,1,75,1520.0,90.48,1.32,Evening,BATCH-20230526-GHE
PR000335,2023-05-26,2023,5,May,Q2,Butter,81,72,2,70,1584.0,88.89,2.78,Evening,BATCH-20230526-BUT
PR000336,2023-05-26,2023,5,May,Q2,Cream,50,46,1,45,276.0,92.0,2.17,Morning,BATCH-20230526-CRE
PR000337,2023-05-27,2023,5,May,Q2,Milk Bulk,1298,1159,31,1128,1217.0,89.29,2.67,Evening,BATCH-20230527-MIL
PR000338,2023-05-27,2023,5,May,Q2,Milk Packet,2289,2074,31,2043,2239.9,90.61,1.49,Evening,BATCH-20230527-MIL
PR000339,2023-05-27,2023,5,May,Q2,Paneer,161,153,4,149,1300.5,95.03,2.61,Evening,BATCH-20230527-PAN
PR000340,2023-05-27,2023,5,May,Q2,Curd,344,332,7,325,365.2,96.51,2.11,Evening,BATCH-20230527-CUR
PR000341,2023-05-27,2023,5,May,Q2,Ghee,83,78,0,78,1560.0,93.98,0.0,Evening,BATCH-20230527-GHE
PR000342,2023-05-27,2023,5,May,Q2,Butter,75,66,1,65,1452.0,88.0,1.52,Morning,BATCH-20230527-BUT
PR000343,2023-05-27,2023,5,May,Q2,Cream,42,40,0,40,240.0,95.24,0.0,Morning,BATCH-20230527-CRE
PR000344,2023-05-29,2023,5,May,Q2,Milk Bulk,1189,1118,19,1099,1173.9,94.03,1.7,Evening,BATCH-20230529-MIL
PR000345,2023-05-29,2023,5,May,Q2,Milk Packet,2428,2139,82,2057,2310.1,88.1,3.83,Evening,BATCH-20230529-MIL
PR000346,2023-05-29,2023,5,May,Q2,Paneer,94,89,3,86,756.5,94.68,3.37,Evening,BATCH-20230529-PAN
PR000347,2023-05-29,2023,5,May,Q2,Curd,343,321,7,314,353.1,93.59,2.18,Evening,BATCH-20230529-CUR
PR000348,2023-05-29,2023,5,May,Q2,Ghee,84,77,1,76,1540.0,91.67,1.3,Morning,BATCH-20230529-GHE
PR000349,2023-05-29,2023,5,May,Q2,Butter,127,120,3,117,2640.0,94.49,2.5,Morning,BATCH-20230529-BUT
PR000350,2023-05-29,2023,5,May,Q2,Cream,64,60,0,60,360.0,93.75,0.0,Evening,BATCH-20230529-CRE
PR000351,2023-05-30,2023,5,May,Q2,Milk Bulk,1163,1119,16,1103,1175.0,96.22,1.43,Evening,BATCH-20230530-MIL
PR000352,2023-05-30,2023,5,May,Q2,Milk Packet,2390,2291,44,2247,2474.3,95.86,1.92,Evening,BATCH-20230530-MIL
PR000353,2023-05-30,2023,5,May,Q2,Paneer,134,122,4,118,1037.0,91.04,3.28,Morning,BATCH-20230530-PAN
PR000354,2023-05-30,2023,5,May,Q2,Curd,253,239,5,234,262.9,94.47,2.09,Morning,BATCH-20230530-CUR
PR000355,2023-05-30,2023,5,May,Q2,Ghee,73,69,2,67,1380.0,94.52,2.9,Morning,BATCH-20230530-GHE
PR000356,2023-05-30,2023,5,May,Q2,Butter,129,123,2,121,2706.0,95.35,1.63,Evening,BATCH-20230530-BUT
PR000357,2023-05-30,2023,5,May,Q2,Cream,47,43,1,42,258.0,91.49,2.33,Evening,BATCH-20230530-CRE
PR000358,2023-05-31,2023,5,May,Q2,Milk Bulk,1017,996,31,965,1045.8,97.94,3.11,Morning,BATCH-20230531-MIL
PR000359,2023-05-31,2023,5,May,Q2,Milk Packet,2136,1976,56,1920,2134.1,92.51,2.83,Morning,BATCH-20230531-MIL
PR000360,2023-05-31,2023,5,May,Q2,Paneer,138,133,4,129,1130.5,96.38,3.01,Morning,BATCH-20230531-PAN
PR000361,2023-05-31,2023,5,May,Q2,Curd,333,311,9,302,342.1,93.39,2.89,Evening,BATCH-20230531-CUR
PR000362,2023-05-31,2023,5,May,Q2,Ghee,69,66,1,65,1320.0,95.65,1.52,Morning,BATCH-20230531-GHE
PR000363,2023-05-31,2023,5,May,Q2,Butter,85,81,2,79,1782.0,95.29,2.47,Evening,BATCH-20230531-BUT
PR000364,2023-05-31,2023,5,May,Q2,Cream,47,43,1,42,258.0,91.49,2.33,Morning,BATCH-20230531-CRE
PR000365,2023-06-01,2023,6,June,Q2,Milk Bulk,1124,1042,29,1013,1094.1,92.7,2.78,Evening,BATCH-20230601-MIL
PR000366,2023-06-01,2023,6,June,Q2,Milk Packet,2339,2241,31,2210,2420.3,95.81,1.38,Evening,BATCH-20230601-MIL
PR000367,2023-06-01,2023,6,June,Q2,Paneer,76,74,2,72,629.0,97.37,2.7,Evening,BATCH-20230601-PAN
PR000368,2023-06-01,2023,6,June,Q2,Curd,195,174,4,170,191.4,89.23,2.3,Evening,BATCH-20230601-CUR
PR000369,2023-06-01,2023,6,June,Q2,Ghee,52,47,1,46,940.0,90.38,2.13,Evening,BATCH-20230601-GHE
PR000370,2023-06-01,2023,6,June,Q2,Butter,109,105,2,103,2310.0,96.33,1.9,Evening,BATCH-20230601-BUT
PR000371,2023-06-01,2023,6,June,Q2,Cream,46,44,1,43,264.0,95.65,2.27,Evening,BATCH-20230601-CRE
PR000372,2023-06-02,2023,6,June,Q2,Milk Bulk,866,844,27,817,886.2,97.46,3.2,Evening,BATCH-20230602-MIL
PR000373,2023-06-02,2023,6,June,Q2,Milk Packet,2208,2072,52,2020,2237.8,93.84,2.51,Evening,BATCH-20230602-MIL
PR000374,2023-06-02,2023,6,June,Q2,Paneer,103,94,1,93,799.0,91.26,1.06,Evening,BATCH-20230602-PAN
PR000375,2023-06-02,2023,6,June,Q2,Curd,373,332,6,326,365.2,89.01,1.81,Evening,BATCH-20230602-CUR
PR000376,2023-06-02,2023,6,June,Q2,Ghee,68,65,0,65,1300.0,95.59,0.0,Evening,BATCH-20230602-GHE
PR000377,2023-06-02,2023,6,June,Q2,Butter,81,79,1,78,1738.0,97.53,1.27,Evening,BATCH-20230602-BUT
PR000378,2023-06-02,2023,6,June,Q2,Cream,52,45,1,44,270.0,86.54,2.22,Evening,BATCH-20230602-CRE
PR000379,2023-06-03,2023,6,June,Q2,Milk Bulk,937,896,33,863,940.8,95.62,3.68,Morning,BATCH-20230603-MIL
PR000380,2023-06-03,2023,6,June,Q2,Milk Packet,1648,1583,19,1564,1709.6,96.06,1.2,Evening,BATCH-20230603-MIL
PR000381,2023-06-03,2023,6,June,Q2,Paneer,87,79,2,77,671.5,90.8,2.53,Morning,BATCH-20230603-PAN
PR000382,2023-06-03,2023,6,June,Q2,Curd,329,296,3,293,325.6,89.97,1.01,Morning,BATCH-20230603-CUR
PR000383,2023-06-03,2023,6,June,Q2,Ghee,57,50,1,49,1000.0,87.72,2.0,Evening,BATCH-20230603-GHE
PR000384,2023-06-03,2023,6,June,Q2,Butter,104,98,2,96,2156.0,94.23,2.04,Morning,BATCH-20230603-BUT
PR000385,2023-06-03,2023,6,June,Q2,Cream,38,35,1,34,210.0,92.11,2.86,Evening,BATCH-20230603-CRE
PR000386,2023-06-05,2023,6,June,Q2,Milk Bulk,994,960,26,934,1008.0,96.58,2.71,Morning,BATCH-20230605-MIL
PR000387,2023-06-05,2023,6,June,Q2,Milk Packet,2287,2136,74,2062,2306.9,93.4,3.46,Evening,BATCH-20230605-MIL
PR000388,2023-06-05,2023,6,June,Q2,Paneer,98,88,1,87,748.0,89.8,1.14,Morning,BATCH-20230605-PAN
PR000389,2023-06-05,2023,6,June,Q2,Curd,329,317,4,313,348.7,96.35,1.26,Evening,BATCH-20230605-CUR
PR000390,2023-06-05,2023,6,June,Q2,Ghee,42,38,0,38,760.0,90.48,0.0,Morning,BATCH-20230605-GHE
PR000391,2023-06-05,2023,6,June,Q2,Butter,84,82,1,81,1804.0,97.62,1.22,Evening,BATCH-20230605-BUT
PR000392,2023-06-05,2023,6,June,Q2,Cream,38,36,0,36,216.0,94.74,0.0,Morning,BATCH-20230605-CRE
PR000393,2023-06-06,2023,6,June,Q2,Milk Bulk,1114,1031,16,1015,1082.5,92.55,1.55,Morning,BATCH-20230606-MIL
PR000394,2023-06-06,2023,6,June,Q2,Milk Packet,1444,1356,47,1309,1464.5,93.91,3.47,Morning,BATCH-20230606-MIL
PR000395,2023-06-06,2023,6,June,Q2,Paneer,139,133,4,129,1130.5,95.68,3.01,Morning,BATCH-20230606-PAN
PR000396,2023-06-06,2023,6,June,Q2,Curd,257,226,4,222,248.6,87.94,1.77,Evening,BATCH-20230606-CUR
PR000397,2023-06-06,2023,6,June,Q2,Ghee,52,49,0,49,980.0,94.23,0.0,Evening,BATCH-20230606-GHE
PR000398,2023-06-06,2023,6,June,Q2,Butter,58,52,1,51,1144.0,89.66,1.92,Morning,BATCH-20230606-BUT
PR000399,2023-06-06,2023,6,June,Q2,Cream,57,52,1,51,312.0,91.23,1.92,Evening,BATCH-20230606-CRE
PR000400,2023-06-07,2023,6,June,Q2,Milk Bulk,1121,1095,27,1068,1149.8,97.68,2.47,Morning,BATCH-20230607-MIL
PR000401,2023-06-07,2023,6,June,Q2,Milk Packet,2371,2222,69,2153,2399.8,93.72,3.11,Evening,BATCH-20230607-MIL
PR000402,2023-06-07,2023,6,June,Q2,Paneer,104,100,1,99,850.0,96.15,1.0,Evening,BATCH-20230607-PAN
PR000403,2023-06-07,2023,6,June,Q2,Curd,264,253,6,247,278.3,95.83,2.37,Morning,BATCH-20230607-CUR
PR000404,2023-06-07,2023,6,June,Q2,Ghee,45,42,1,41,840.0,93.33,2.38,Evening,BATCH-20230607-GHE
PR000405,2023-06-07,2023,6,June,Q2,Butter,84,75,2,73,1650.0,89.29,2.67,Evening,BATCH-20230607-BUT
PR000406,2023-06-07,2023,6,June,Q2,Cream,65,57,0,57,342.0,87.69,0.0,Morning,BATCH-20230607-CRE
PR000407,2023-06-08,2023,6,June,Q2,Milk Bulk,1071,1007,16,991,1057.4,94.02,1.59,Evening,BATCH-20230608-MIL
PR000408,2023-06-08,2023,6,June,Q2,Milk Packet,2080,1903,58,1845,2055.2,91.49,3.05,Evening,BATCH-20230608-MIL
PR000409,2023-06-08,2023,6,June,Q2,Paneer,103,95,1,94,807.5,92.23,1.05,Morning,BATCH-20230608-PAN
PR000410,2023-06-08,2023,6,June,Q2,Curd,265,248,3,245,272.8,93.58,1.21,Morning,BATCH-20230608-CUR
PR000411,2023-06-08,2023,6,June,Q2,Ghee,64,57,1,56,1140.0,89.06,1.75,Evening,BATCH-20230608-GHE
PR000412,2023-06-08,2023,6,June,Q2,Butter,63,57,1,56,1254.0,90.48,1.75,Morning,BATCH-20230608-BUT
PR000413,2023-06-08,2023,6,June,Q2,Cream,34,32,1,31,192.0,94.12,3.12,Morning,BATCH-20230608-CRE
PR000414,2023-06-09,2023,6,June,Q2,Milk Bulk,1011,986,14,972,1035.3,97.53,1.42,Morning,BATCH-20230609-MIL
PR000415,2023-06-09,2023,6,June,Q2,Milk Packet,2341,2095,28,2067,2262.6,89.49,1.34,Evening,BATCH-20230609-MIL
PR000416,2023-06-09,2023,6,June,Q2,Paneer,113,111,3,108,943.5,98.23,2.7,Morning,BATCH-20230609-PAN
PR000417,2023-06-09,2023,6,June,Q2,Curd,257,253,3,250,278.3,98.44,1.19,Morning,BATCH-20230609-CUR
PR000418,2023-06-09,2023,6,June,Q2,Ghee,57,53,1,52,1060.0,92.98,1.89,Evening,BATCH-20230609-GHE
PR000419,2023-06-09,2023,6,June,Q2,Butter,84,77,2,75,1694.0,91.67,2.6,Morning,BATCH-20230609-BUT
PR000420,2023-06-09,2023,6,June,Q2,Cream,50,47,1,46,282.0,94.0,2.13,Morning,BATCH-20230609-CRE
PR000421,2023-06-10,2023,6,June,Q2,Milk Bulk,950,840,23,817,882.0,88.42,2.74,Morning,BATCH-20230610-MIL
PR000422,2023-06-10,2023,6,June,Q2,Milk Packet,2136,1954,31,1923,2110.3,91.48,1.59,Evening,BATCH-20230610-MIL
PR000423,2023-06-10,2023,6,June,Q2,Paneer,112,109,2,107,926.5,97.32,1.83,Evening,BATCH-20230610-PAN
PR000424,2023-06-10,2023,6,June,Q2,Curd,212,192,6,186,211.2,90.57,3.12,Evening,BATCH-20230610-CUR
PR000425,2023-06-10,2023,6,June,Q2,Ghee,45,42,1,41,840.0,93.33,2.38,Morning,BATCH-20230610-GHE
PR000426,2023-06-10,2023,6,June,Q2,Butter,99,91,2,89,2002.0,91.92,2.2,Morning,BATCH-20230610-BUT
PR000427,2023-06-10,2023,6,June,Q2,Cream,45,43,0,43,258.0,95.56,0.0,Evening,BATCH-20230610-CRE
PR000428,2023-06-12,2023,6,June,Q2,Milk Bulk,1064,1022,33,989,1073.1,96.05,3.23,Evening,BATCH-20230612-MIL
PR000429,2023-06-12,2023,6,June,Q2,Milk Packet,2063,1856,23,1833,2004.5,89.97,1.24,Morning,BATCH-20230612-MIL
PR000430,2023-06-12,2023,6,June,Q2,Paneer,139,129,1,128,1096.5,92.81,0.78,Morning,BATCH-20230612-PAN
PR000431,2023-06-12,2023,6,June,Q2,Curd,214,209,5,204,229.9,97.66,2.39,Morning,BATCH-20230612-CUR
PR000432,2023-06-12,2023,6,June,Q2,Ghee,42,41,1,40,820.0,97.62,2.44,Morning,BATCH-20230612-GHE
PR000433,2023-06-12,2023,6,June,Q2,Butter,67,62,0,62,1364.0,92.54,0.0,Evening,BATCH-20230612-BUT
PR000434,2023-06-12,2023,6,June,Q2,Cream,33,32,1,31,192.0,96.97,3.12,Evening,BATCH-20230612-CRE
PR000435,2023-06-13,2023,6,June,Q2,Milk Bulk,783,724,14,710,760.2,92.46,1.93,Morning,BATCH-20230613-MIL
PR000436,2023-06-13,2023,6,June,Q2,Milk Packet,2147,1981,52,1929,2139.5,92.27,2.62,Evening,BATCH-20230613-MIL
PR000437,2023-06-13,2023,6,June,Q2,Paneer,139,132,3,129,1122.0,94.96,2.27,Evening,BATCH-20230613-PAN
PR000438,2023-06-13,2023,6,June,Q2,Curd,369,341,10,331,375.1,92.41,2.93,Morning,BATCH-20230613-CUR
PR000439,2023-06-13,2023,6,June,Q2,Ghee,72,69,1,68,1380.0,95.83,1.45,Morning,BATCH-20230613-GHE
PR000440,2023-06-13,2023,6,June,Q2,Butter,77,73,2,71,1606.0,94.81,2.74,Morning,BATCH-20230613-BUT
PR000441,2023-06-13,2023,6,June,Q2,Cream,64,60,0,60,360.0,93.75,0.0,Evening,BATCH-20230613-CRE
PR000442,2023-06-14,2023,6,June,Q2,Milk Bulk,862,816,8,808,856.8,94.66,0.98,Evening,BATCH-20230614-MIL
PR000443,2023-06-14,2023,6,June,Q2,Milk Packet,2353,2160,64,2096,2332.8,91.8,2.96,Morning,BATCH-20230614-MIL
PR000444,2023-06-14,2023,6,June,Q2,Paneer,131,122,4,118,1037.0,93.13,3.28,Morning,BATCH-20230614-PAN
PR000445,2023-06-14,2023,6,June,Q2,Curd,295,259,7,252,284.9,87.8,2.7,Evening,BATCH-20230614-CUR
PR000446,2023-06-14,2023,6,June,Q2,Ghee,41,39,1,38,780.0,95.12,2.56,Morning,BATCH-20230614-GHE
PR000447,2023-06-14,2023,6,June,Q2,Butter,90,80,2,78,1760.0,88.89,2.5,Morning,BATCH-20230614-BUT
PR000448,2023-06-14,2023,6,June,Q2,Cream,65,59,1,58,354.0,90.77,1.69,Evening,BATCH-20230614-CRE
PR000449,2023-06-15,2023,6,June,Q2,Milk Bulk,1114,1092,32,1060,1146.6,98.03,2.93,Morning,BATCH-20230615-MIL
PR000450,2023-06-15,2023,6,June,Q2,Milk Packet,2280,2014,64,1950,2175.1,88.33,3.18,Morning,BATCH-20230615-MIL
PR000451,2023-06-15,2023,6,June,Q2,Paneer,118,111,1,110,943.5,94.07,0.9,Morning,BATCH-20230615-PAN
PR000452,2023-06-15,2023,6,June,Q2,Curd,372,339,8,331,372.9,91.13,2.36,Evening,BATCH-20230615-CUR
PR000453,2023-06-15,2023,6,June,Q2,Ghee,58,56,1,55,1120.0,96.55,1.79,Evening,BATCH-20230615-GHE
PR000454,2023-06-15,2023,6,June,Q2,Butter,69,65,2,63,1430.0,94.2,3.08,Morning,BATCH-20230615-BUT
PR000455,2023-06-15,2023,6,June,Q2,Cream,38,35,0,35,210.0,92.11,0.0,Evening,BATCH-20230615-CRE
PR000456,2023-06-16,2023,6,June,Q2,Milk Bulk,895,820,20,800,861.0,91.62,2.44,Morning,BATCH-20230616-MIL
PR000457,2023-06-16,2023,6,June,Q2,Milk Packet,2105,2043,42,2001,2206.4,97.05,2.06,Evening,BATCH-20230616-MIL
PR000458,2023-06-16,2023,6,June,Q2,Paneer,77,68,2,66,578.0,88.31,2.94,Morning,BATCH-20230616-PAN
PR000459,2023-06-16,2023,6,June,Q2,Curd,348,337,5,332,370.7,96.84,1.48,Morning,BATCH-20230616-CUR
PR000460,2023-06-16,2023,6,June,Q2,Ghee,49,48,1,47,960.0,97.96,2.08,Morning,BATCH-20230616-GHE
PR000461,2023-06-16,2023,6,June,Q2,Butter,95,87,2,85,1914.0,91.58,2.3,Evening,BATCH-20230616-BUT
PR000462,2023-06-16,2023,6,June,Q2,Cream,43,42,1,41,252.0,97.67,2.38,Evening,BATCH-20230616-CRE
PR000463,2023-06-17,2023,6,June,Q2,Milk Bulk,760,702,16,686,737.1,92.37,2.28,Evening,BATCH-20230617-MIL
PR000464,2023-06-17,2023,6,June,Q2,Milk Packet,1472,1444,25,1419,1559.5,98.1,1.73,Morning,BATCH-20230617-MIL
PR000465,2023-06-17,2023,6,June,Q2,Paneer,122,110,3,107,935.0,90.16,2.73,Morning,BATCH-20230617-PAN
PR000466,2023-06-17,2023,6,June,Q2,Curd,313,279,6,273,306.9,89.14,2.15,Morning,BATCH-20230617-CUR
PR000467,2023-06-17,2023,6,June,Q2,Ghee,59,56,1,55,1120.0,94.92,1.79,Morning,BATCH-20230617-GHE
PR000468,2023-06-17,2023,6,June,Q2,Butter,81,74,2,72,1628.0,91.36,2.7,Morning,BATCH-20230617-BUT
PR000469,2023-06-17,2023,6,June,Q2,Cream,34,30,0,30,180.0,88.24,0.0,Evening,BATCH-20230617-CRE
PR000470,2023-06-19,2023,6,June,Q2,Milk Bulk,872,792,31,761,831.6,90.83,3.91,Morning,BATCH-20230619-MIL
PR000471,2023-06-19,2023,6,June,Q2,Milk Packet,1586,1443,32,1411,1558.4,90.98,2.22,Evening,BATCH-20230619-MIL
PR000472,2023-06-19,2023,6,June,Q2,Paneer,120,118,3,115,1003.0,98.33,2.54,Evening,BATCH-20230619-PAN
PR000473,2023-06-19,2023,6,June,Q2,Curd,366,334,6,328,367.4,91.26,1.8,Evening,BATCH-20230619-CUR
PR000474,2023-06-19,2023,6,June,Q2,Ghee,57,52,1,51,1040.0,91.23,1.92,Morning,BATCH-20230619-GHE
PR000475,2023-06-19,2023,6,June,Q2,Butter,83,80,2,78,1760.0,96.39,2.5,Morning,BATCH-20230619-BUT
PR000476,2023-06-19,2023,6,June,Q2,Cream,30,27,0,27,162.0,90.0,0.0,Morning,BATCH-20230619-CRE
PR000477,2023-06-20,2023,6,June,Q2,Milk Bulk,1138,1079,28,1051,1133.0,94.82,2.59,Morning,BATCH-20230620-MIL
PR000478,2023-06-20,2023,6,June,Q2,Milk Packet,1592,1553,26,1527,1677.2,97.55,1.67,Evening,BATCH-20230620-MIL
PR000479,2023-06-20,2023,6,June,Q2,Paneer,120,111,3,108,943.5,92.5,2.7,Evening,BATCH-20230620-PAN
PR000480,2023-06-20,2023,6,June,Q2,Curd,368,357,13,344,392.7,97.01,3.64,Morning,BATCH-20230620-CUR
PR000481,2023-06-20,2023,6,June,Q2,Ghee,54,50,1,49,1000.0,92.59,2.0,Evening,BATCH-20230620-GHE
PR000482,2023-06-20,2023,6,June,Q2,Butter,99,94,2,92,2068.0,94.95,2.13,Morning,BATCH-20230620-BUT
PR000483,2023-06-20,2023,6,June,Q2,Cream,42,39,1,38,234.0,92.86,2.56,Morning,BATCH-20230620-CRE
PR000484,2023-06-21,2023,6,June,Q2,Milk Bulk,874,826,16,810,867.3,94.51,1.94,Evening,BATCH-20230621-MIL
PR000485,2023-06-21,2023,6,June,Q2,Milk Packet,2334,2154,62,2092,2326.3,92.29,2.88,Morning,BATCH-20230621-MIL
PR000486,2023-06-21,2023,6,June,Q2,Paneer,86,76,1,75,646.0,88.37,1.32,Morning,BATCH-20230621-PAN
PR000487,2023-06-21,2023,6,June,Q2,Curd,323,289,8,281,317.9,89.47,2.77,Morning,BATCH-20230621-CUR
PR000488,2023-06-21,2023,6,June,Q2,Ghee,42,40,1,39,800.0,95.24,2.5,Evening,BATCH-20230621-GHE
PR000489,2023-06-21,2023,6,June,Q2,Butter,93,90,1,89,1980.0,96.77,1.11,Morning,BATCH-20230621-BUT
PR000490,2023-06-21,2023,6,June,Q2,Cream,54,48,1,47,288.0,88.89,2.08,Evening,BATCH-20230621-CRE
PR000491,2023-06-22,2023,6,June,Q2,Milk Bulk,1105,1030,20,1010,1081.5,93.21,1.94,Morning,BATCH-20230622-MIL
PR000492,2023-06-22,2023,6,June,Q2,Milk Packet,2085,2017,29,1988,2178.4,96.74,1.44,Evening,BATCH-20230622-MIL
PR000493,2023-06-22,2023,6,June,Q2,Paneer,104,99,2,97,841.5,95.19,2.02,Morning,BATCH-20230622-PAN
PR000494,2023-06-22,2023,6,June,Q2,Curd,220,213,2,211,234.3,96.82,0.94,Morning,BATCH-20230622-CUR
PR000495,2023-06-22,2023,6,June,Q2,Ghee,73,64,2,62,1280.0,87.67,3.12,Evening,BATCH-20230622-GHE
PR000496,2023-06-22,2023,6,June,Q2,Butter,95,87,2,85,1914.0,91.58,2.3,Evening,BATCH-20230622-BUT
PR000497,2023-06-22,2023,6,June,Q2,Cream,44,43,0,43,258.0,97.73,0.0,Evening,BATCH-20230622-CRE
PR000498,2023-06-23,2023,6,June,Q2,Milk Bulk,1059,941,13,928,988.1,88.86,1.38,Morning,BATCH-20230623-MIL
PR000499,2023-06-23,2023,6,June,Q2,Milk Packet,2129,1911,34,1877,2063.9,89.76,1.78,Morning,BATCH-20230623-MIL
PR000500,2023-06-23,2023,6,June,Q2,Paneer,86,83,3,80,705.5,96.51,3.61,Morning,BATCH-20230623-PAN
