transaction_id,invoice_date,year,month,month_name,quarter,customer_id,customer_name,customer_type,invoice_number,due_date,invoice_amount,amount_paid,outstanding_balance,payment_date,days_to_payment,payment_status,credit_days
AC000001,2023-04-30,2023,4,April,Q2,C001,Rekha Jain,Retailer,MINV-00001,2023-05-15,17210.94,17210.94,0.0,2023-05-05,5.0,Paid,15
AC000002,2023-05-31,2023,5,May,Q2,C001,Rekha Jain,Retailer,MINV-00002,2023-06-15,23803.11,23803.11,0.0,2023-06-17,17.0,Paid Late,15
AC000003,2023-06-30,2023,6,June,Q2,C001,Rekha Jain,Retailer,MINV-00003,2023-07-15,52377.85,52377.85,0.0,2023-07-11,11.0,Paid,15
AC000004,2023-07-31,2023,7,July,Q3,C001,Rekha Jain,Retailer,MINV-00004,2023-08-15,53122.39,53122.39,0.0,2023-08-07,7.0,Paid,15
AC000005,2023-08-31,2023,8,August,Q3,C001,Rekha Jain,Retailer,MINV-00005,2023-09-15,60565.97,60565.97,0.0,2023-09-11,11.0,Paid,15
AC000006,2023-09-30,2023,9,September,Q3,C001,Rekha Jain,Retailer,MINV-00006,2023-10-15,35464.75,35464.75,0.0,2023-10-05,5.0,Paid,15
AC000007,2023-10-31,2023,10,October,Q4,C001,Rekha Jain,Retailer,MINV-00007,2023-11-15,33323.38,33323.38,0.0,2023-11-13,13.0,Paid,15
AC000008,2023-11-30,2023,11,November,Q4,C001,Rekha Jain,Retailer,MINV-00008,2023-12-15,49054.4,49054.4,0.0,2023-12-07,7.0,Paid,15
AC000009,2023-12-31,2023,12,December,Q4,C001,Rekha Jain,Retailer,MINV-00009,2024-01-15,5243.13,5243.13,0.0,2024-01-18,18.0,Paid Late,15
AC000010,2024-01-31,2024,1,January,Q1,C001,Rekha Jain,Retailer,MINV-00010,2024-02-15,31110.63,31110.63,0.0,2024-02-19,19.0,Paid Late,15
AC000011,2024-02-29,2024,2,February,Q1,C001,Rekha Jain,Retailer,MINV-00011,2024-03-15,34401.22,34401.22,0.0,2024-03-07,7.0,Paid,15
AC000012,2024-03-31,2024,3,March,Q1,C001,Rekha Jain,Retailer,MINV-00012,2024-04-15,26475.2,26475.2,0.0,2024-04-16,16.0,Paid Late,15
AC000013,2024-04-30,2024,4,April,Q2,C001,Rekha Jain,Retailer,MINV-00013,2024-05-15,28818.78,1665.77,27153.01,,,Overdue,15
AC000014,2024-05-31,2024,5,May,Q2,C001,Rekha Jain,Retailer,MINV-00014,2024-06-15,37904.87,37904.87,0.0,2024-06-19,19.0,Paid Late,15
AC000015,2024-06-30,2024,6,June,Q2,C001,Rekha Jain,Retailer,MINV-00015,2024-07-15,48654.31,20606.13,28048.18,,,Overdue,15
AC000016,2024-07-31,2024,7,July,Q3,C001,Rekha Jain,Retailer,MINV-00016,2024-08-15,36527.42,36527.42,0.0,2024-08-16,16.0,Paid Late,15
AC000017,2024-08-31,2024,8,August,Q3,C001,Rekha Jain,Retailer,MINV-00017,2024-09-15,47839.29,47839.29,0.0,2024-09-06,6.0,Paid,15
AC000018,2024-09-30,2024,9,September,Q3,C001,Rekha Jain,Retailer,MINV-00018,2024-10-15,13746.38,13746.38,0.0,2024-10-11,11.0,Paid,15
AC000019,2024-10-31,2024,10,October,Q4,C001,Rekha Jain,Retailer,MINV-00019,2024-11-15,26451.89,26451.89,0.0,2024-11-13,13.0,Paid,15
AC000020,2024-11-30,2024,11,November,Q4,C001,Rekha Jain,Retailer,MINV-00020,2024-12-15,21938.18,21938.18,0.0,2024-12-14,14.0,Paid,15
AC000021,2024-12-31,2024,12,December,Q4,C001,Rekha Jain,Retailer,MINV-00021,2025-01-15,69633.52,69633.52,0.0,2025-01-14,14.0,Paid,15
AC000022,2025-01-31,2025,1,January,Q1,C001,Rekha Jain,Retailer,MINV-00022,2025-02-15,44102.21,44102.21,0.0,2025-02-12,12.0,Paid,15
AC000023,2025-02-28,2025,2,February,Q1,C001,Rekha Jain,Retailer,MINV-00023,2025-03-15,35837.97,35837.97,0.0,2025-03-13,13.0,Paid,15
AC000024,2025-03-31,2025,3,March,Q1,C001,Rekha Jain,Retailer,MINV-00024,2025-04-15,14880.17,14880.17,0.0,2025-04-03,3.0,Paid,15
AC000025,2023-04-30,2023,4,April,Q2,C002,Jignesh Patel,Hotel/Restaurant,MINV-00025,2023-05-15,22941.29,22941.29,0.0,2023-04-30,0.0,Paid,15
AC000026,2023-05-31,2023,5,May,Q2,C002,Jignesh Patel,Hotel/Restaurant,MINV-00026,2023-06-15,44328.65,44328.65,0.0,2023-06-15,15.0,Paid,15
AC000027,2023-06-30,2023,6,June,Q2,C002,Jignesh Patel,Hotel/Restaurant,MINV-00027,2023-07-15,40096.1,40096.1,0.0,2023-07-10,10.0,Paid,15
AC000028,2023-07-31,2023,7,July,Q3,C002,Jignesh Patel,Hotel/Restaurant,MINV-00028,2023-08-15,49051.68,49051.68,0.0,2023-08-06,6.0,Paid,15
AC000029,2023-08-31,2023,8,August,Q3,C002,Jignesh Patel,Hotel/Restaurant,MINV-00029,2023-09-15,37580.65,11300.16,26280.49,,,Overdue,15
AC000030,2023-09-30,2023,9,September,Q3,C002,Jignesh Patel,Hotel/Restaurant,MINV-00030,2023-10-15,26285.04,26285.04,0.0,2023-10-18,18.0,Paid Late,15
AC000031,2023-10-31,2023,10,October,Q4,C002,Jignesh Patel,Hotel/Restaurant,MINV-00031,2023-11-15,40624.6,40624.6,0.0,2023-11-10,10.0,Paid,15
AC000032,2023-11-30,2023,11,November,Q4,C002,Jignesh Patel,Hotel/Restaurant,MINV-00032,2023-12-15,24684.88,24684.88,0.0,2023-12-18,18.0,Paid Late,15
AC000033,2023-12-31,2023,12,December,Q4,C002,Jignesh Patel,Hotel/Restaurant,MINV-00033,2024-01-15,8462.5,2290.18,6172.32,,,Overdue,15
AC000034,2024-01-31,2024,1,January,Q1,C002,Jignesh Patel,Hotel/Restaurant,MINV-00034,2024-02-15,46608.35,46608.35,0.0,2024-02-10,10.0,Paid,15
AC000035,2024-02-29,2024,2,February,Q1,C002,Jignesh Patel,Hotel/Restaurant,MINV-00035,2024-03-15,32083.43,32083.43,0.0,2024-03-13,13.0,Paid,15
AC000036,2024-03-31,2024,3,March,Q1,C002,Jignesh Patel,Hotel/Restaurant,MINV-00036,2024-04-15,40669.04,40669.04,0.0,2024-04-11,11.0,Paid,15
AC000037,2024-04-30,2024,4,April,Q2,C002,Jignesh Patel,Hotel/Restaurant,MINV-00037,2024-05-15,50423.38,50423.38,0.0,2024-05-08,8.0,Paid,15
AC000038,2024-05-31,2024,5,May,Q2,C002,Jignesh Patel,Hotel/Restaurant,MINV-00038,2024-06-15,21323.27,21323.27,0.0,2024-06-11,11.0,Paid,15
AC000039,2024-06-30,2024,6,June,Q2,C002,Jignesh Patel,Hotel/Restaurant,MINV-00039,2024-07-15,5667.43,5667.43,0.0,2024-07-18,18.0,Paid Late,15
AC000040,2024-07-31,2024,7,July,Q3,C002,Jignesh Patel,Hotel/Restaurant,MINV-00040,2024-08-15,40343.09,10977.36,29365.73,,,Overdue,15
AC000041,2024-08-31,2024,8,August,Q3,C002,Jignesh Patel,Hotel/Restaurant,MINV-00041,2024-09-15,23643.23,23643.23,0.0,2024-09-15,15.0,Paid,15
AC000042,2024-09-30,2024,9,September,Q3,C002,Jignesh Patel,Hotel/Restaurant,MINV-00042,2024-10-15,27545.63,27545.63,0.0,2024-10-10,10.0,Paid,15
AC000043,2024-10-31,2024,10,October,Q4,C002,Jignesh Patel,Hotel/Restaurant,MINV-00043,2024-11-15,36797.51,36797.51,0.0,2024-11-12,12.0,Paid,15
AC000044,2024-11-30,2024,11,November,Q4,C002,Jignesh Patel,Hotel/Restaurant,MINV-00044,2024-12-15,76176.1,76176.1,0.0,2024-12-13,13.0,Paid,15
AC000045,2024-12-31,2024,12,December,Q4,C002,Jignesh Patel,Hotel/Restaurant,MINV-00045,2025-01-15,17756.54,17756.54,0.0,2025-01-08,8.0,Paid,15
AC000046,2025-01-31,2025,1,January,Q1,C002,Jignesh Patel,Hotel/Restaurant,MINV-00046,2025-02-15,27818.65,27818.65,0.0,2025-02-12,12.0,Paid,15
AC000047,2025-02-28,2025,2,February,Q1,C002,Jignesh Patel,Hotel/Restaurant,MINV-00047,2025-03-15,18377.14,18377.14,0.0,2025-03-03,3.0,Paid,15
AC000048,2025-03-31,2025,3,March,Q1,C002,Jignesh Patel,Hotel/Restaurant,MINV-00048,2025-04-15,37972.38,37972.38,0.0,2025-04-13,13.0,Paid,15
AC000049,2023-04-30,2023,4,April,Q2,C003,Vikas Tiwari,Hotel/Restaurant,MINV-00049,2023-05-15,27858.64,27858.64,0.0,2023-05-14,14.0,Paid,15
AC000050,2023-05-31,2023,5,May,Q2,C003,Vikas Tiwari,Hotel/Restaurant,MINV-00050,2023-06-15,43887.71,43887.71,0.0,2023-06-13,13.0,Paid,15
AC000051,2023-06-30,2023,6,June,Q2,C003,Vikas Tiwari,Hotel/Restaurant,MINV-00051,2023-07-15,27250.35,27250.35,0.0,2023-07-14,14.0,Paid,15
AC000052,2023-07-31,2023,7,July,Q3,C003,Vikas Tiwari,Hotel/Restaurant,MINV-00052,2023-08-15,8478.75,8478.75,0.0,2023-08-17,17.0,Paid Late,15
AC000053,2023-08-31,2023,8,August,Q3,C003,Vikas Tiwari,Hotel/Restaurant,MINV-00053,2023-09-15,23681.87,23681.87,0.0,2023-09-13,13.0,Paid,15
AC000054,2023-09-30,2023,9,September,Q3,C003,Vikas Tiwari,Hotel/Restaurant,MINV-00054,2023-10-15,37657.8,37657.8,0.0,2023-10-09,9.0,Paid,15
AC000055,2023-10-31,2023,10,October,Q4,C003,Vikas Tiwari,Hotel/Restaurant,MINV-00055,2023-11-15,30596.2,12833.13,17763.07,,,Overdue,15
AC000056,2023-11-30,2023,11,November,Q4,C003,Vikas Tiwari,Hotel/Restaurant,MINV-00056,2023-12-15,41042.12,41042.12,0.0,2023-12-16,16.0,Paid Late,15
AC000057,2023-12-31,2023,12,December,Q4,C003,Vikas Tiwari,Hotel/Restaurant,MINV-00057,2024-01-15,82050.16,82050.16,0.0,2024-01-06,6.0,Paid,15
AC000058,2024-01-31,2024,1,January,Q1,C003,Vikas Tiwari,Hotel/Restaurant,MINV-00058,2024-02-15,19752.51,19752.51,0.0,2024-02-17,17.0,Paid Late,15
AC000059,2024-02-29,2024,2,February,Q1,C003,Vikas Tiwari,Hotel/Restaurant,MINV-00059,2024-03-15,31472.76,31472.76,0.0,2024-03-13,13.0,Paid,15
AC000060,2024-03-31,2024,3,March,Q1,C003,Vikas Tiwari,Hotel/Restaurant,MINV-00060,2024-04-15,29287.1,8275.45,21011.65,,,Overdue,15
AC000061,2024-04-30,2024,4,April,Q2,C003,Vikas Tiwari,Hotel/Restaurant,MINV-00061,2024-05-15,4992.29,4992.29,0.0,2024-05-04,4.0,Paid,15
AC000062,2024-05-31,2024,5,May,Q2,C003,Vikas Tiwari,Hotel/Restaurant,MINV-00062,2024-06-15,62194.98,62194.98,0.0,2024-06-15,15.0,Paid,15
AC000063,2024-06-30,2024,6,June,Q2,C003,Vikas Tiwari,Hotel/Restaurant,MINV-00063,2024-07-15,56174.23,56174.23,0.0,2024-07-10,10.0,Paid,15
AC000064,2024-07-31,2024,7,July,Q3,C003,Vikas Tiwari,Hotel/Restaurant,MINV-00064,2024-08-15,29844.33,14628.91,15215.42,,,Overdue,15
AC000065,2024-08-31,2024,8,August,Q3,C003,Vikas Tiwari,Hotel/Restaurant,MINV-00065,2024-09-15,41055.25,41055.25,0.0,2024-09-10,10.0,Paid,15
AC000066,2024-09-30,2024,9,September,Q3,C003,Vikas Tiwari,Hotel/Restaurant,MINV-00066,2024-10-15,28768.71,10221.87,18546.84,,,Overdue,15
AC000067,2024-10-31,2024,10,October,Q4,C003,Vikas Tiwari,Hotel/Restaurant,MINV-00067,2024-11-15,24650.03,24650.03,0.0,2024-11-19,19.0,Paid Late,15
AC000068,2024-11-30,2024,11,November,Q4,C003,Vikas Tiwari,Hotel/Restaurant,MINV-00068,2024-12-15,48470.88,48470.88,0.0,2024-12-12,12.0,Paid,15
AC000069,2024-12-31,2024,12,December,Q4,C003,Vikas Tiwari,Hotel/Restaurant,MINV-00069,2025-01-15,23462.09,23462.09,0.0,2025-01-11,11.0,Paid,15
AC000070,2025-01-31,2025,1,January,Q1,C003,Vikas Tiwari,Hotel/Restaurant,MINV-00070,2025-02-15,26252.2,26252.2,0.0,2025-02-12,12.0,Paid,15
AC000071,2025-02-28,2025,2,February,Q1,C003,Vikas Tiwari,Hotel/Restaurant,MINV-00071,2025-03-15,12852.1,2757.66,10094.44,,,Overdue,15
AC000072,2025-03-31,2025,3,March,Q1,C003,Vikas Tiwari,Hotel/Restaurant,MINV-00072,2025-04-15,19497.15,19497.15,0.0,2025-04-09,9.0,Paid,15
AC000073,2023-04-30,2023,4,April,Q2,C004,Harish Mishra,Wholesaler,MINV-00073,2023-05-30,26445.06,26445.06,0.0,2023-05-09,9.0,Paid,30
AC000074,2023-05-31,2023,5,May,Q2,C004,Harish Mishra,Wholesaler,MINV-00074,2023-06-30,32652.31,32652.31,0.0,2023-06-11,11.0,Paid,30
AC000075,2023-06-30,2023,6,June,Q2,C004,Harish Mishra,Wholesaler,MINV-00075,2023-07-30,44534.92,44534.92,0.0,2023-07-09,9.0,Paid,30
AC000076,2023-07-31,2023,7,July,Q3,C004,Harish Mishra,Wholesaler,MINV-00076,2023-08-30,51821.14,51821.14,0.0,2023-08-18,18.0,Paid,30
AC000077,2023-08-31,2023,8,August,Q3,C004,Harish Mishra,Wholesaler,MINV-00077,2023-09-30,49933.18,49933.18,0.0,2023-09-14,14.0,Paid,30
AC000078,2023-09-30,2023,9,September,Q3,C004,Harish Mishra,Wholesaler,MINV-00078,2023-10-30,18167.83,18167.83,0.0,2023-10-25,25.0,Paid,30
AC000079,2023-10-31,2023,10,October,Q4,C004,Harish Mishra,Wholesaler,MINV-00079,2023-11-30,11543.92,11543.92,0.0,2023-11-12,12.0,Paid,30
AC000080,2023-11-30,2023,11,November,Q4,C004,Harish Mishra,Wholesaler,MINV-00080,2023-12-30,56425.32,20874.47,35550.85,,,Overdue,30
AC000081,2023-12-31,2023,12,December,Q4,C004,Harish Mishra,Wholesaler,MINV-00081,2024-01-30,16791.36,16791.36,0.0,2024-01-26,26.0,Paid,30
AC000082,2024-01-31,2024,1,January,Q1,C004,Harish Mishra,Wholesaler,MINV-00082,2024-03-01,49971.28,49971.28,0.0,2024-02-27,27.0,Paid,30
AC000083,2024-02-29,2024,2,February,Q1,C004,Harish Mishra,Wholesaler,MINV-00083,2024-03-30,15891.37,15891.37,0.0,2024-04-05,36.0,Paid Late,30
AC000084,2024-03-31,2024,3,March,Q1,C004,Harish Mishra,Wholesaler,MINV-00084,2024-04-30,34646.7,34646.7,0.0,2024-04-21,21.0,Paid,30
AC000085,2024-04-30,2024,4,April,Q2,C004,Harish Mishra,Wholesaler,MINV-00085,2024-05-30,26124.68,26124.68,0.0,2024-05-30,30.0,Paid,30
AC000086,2024-05-31,2024,5,May,Q2,C004,Harish Mishra,Wholesaler,MINV-00086,2024-06-30,47418.95,47418.95,0.0,2024-06-19,19.0,Paid,30
AC000087,2024-06-30,2024,6,June,Q2,C004,Harish Mishra,Wholesaler,MINV-00087,2024-07-30,9188.41,846.11,8342.3,,,Overdue,30
AC000088,2024-07-31,2024,7,July,Q3,C004,Harish Mishra,Wholesaler,MINV-00088,2024-08-30,43480.86,11809.4,31671.46,,,Overdue,30
AC000089,2024-08-31,2024,8,August,Q3,C004,Harish Mishra,Wholesaler,MINV-00089,2024-09-30,29201.6,9506.81,19694.79,,,Overdue,30
AC000090,2024-09-30,2024,9,September,Q3,C004,Harish Mishra,Wholesaler,MINV-00090,2024-10-30,24776.8,24776.8,0.0,2024-10-18,18.0,Paid,30
AC000091,2024-10-31,2024,10,October,Q4,C004,Harish Mishra,Wholesaler,MINV-00091,2024-11-30,32833.71,32833.71,0.0,2024-11-27,27.0,Paid,30
AC000092,2024-11-30,2024,11,November,Q4,C004,Harish Mishra,Wholesaler,MINV-00092,2024-12-30,9930.21,9930.21,0.0,2024-12-31,31.0,Paid Late,30
AC000093,2024-12-31,2024,12,December,Q4,C004,Harish Mishra,Wholesaler,MINV-00093,2025-01-30,39587.39,7386.11,32201.28,,,Overdue,30
AC000094,2025-01-31,2025,1,January,Q1,C004,Harish Mishra,Wholesaler,MINV-00094,2025-03-02,21096.49,21096.49,0.0,2025-02-20,20.0,Paid,30
AC000095,2025-02-28,2025,2,February,Q1,C004,Harish Mishra,Wholesaler,MINV-00095,2025-03-30,19734.53,19734.53,0.0,2025-03-14,14.0,Paid,30
AC000096,2025-03-31,2025,3,March,Q1,C004,Harish Mishra,Wholesaler,MINV-00096,2025-04-30,19847.2,19847.2,0.0,2025-04-12,12.0,Paid,30
AC000097,2023-04-30,2023,4,April,Q2,C005,Ajay Mehta,Retailer,MINV-00097,2023-05-15,36697.04,36697.04,0.0,2023-05-15,15.0,Paid,15
AC000098,2023-05-31,2023,5,May,Q2,C005,Ajay Mehta,Retailer,MINV-00098,2023-06-15,26148.03,26148.03,0.0,2023-06-15,15.0,Paid,15
AC000099,2023-06-30,2023,6,June,Q2,C005,Ajay Mehta,Retailer,MINV-00099,2023-07-15,5941.36,5941.36,0.0,2023-07-12,12.0,Paid,15
AC000100,2023-07-31,2023,7,July,Q3,C005,Ajay Mehta,Retailer,MINV-00100,2023-08-15,31719.41,31719.41,0.0,2023-08-10,10.0,Paid,15
AC000101,2023-08-31,2023,8,August,Q3,C005,Ajay Mehta,Retailer,MINV-00101,2023-09-15,19538.78,19538.78,0.0,2023-09-10,10.0,Paid,15
AC000102,2023-09-30,2023,9,September,Q3,C005,Ajay Mehta,Retailer,MINV-00102,2023-10-15,38512.11,38512.11,0.0,2023-10-02,2.0,Paid,15
AC000103,2023-10-31,2023,10,October,Q4,C005,Ajay Mehta,Retailer,MINV-00103,2023-11-15,33677.77,33677.77,0.0,2023-11-20,20.0,Paid Late,15
AC000104,2023-11-30,2023,11,November,Q4,C005,Ajay Mehta,Retailer,MINV-00104,2023-12-15,20073.95,20073.95,0.0,2023-12-22,22.0,Paid Late,15
AC000105,2023-12-31,2023,12,December,Q4,C005,Ajay Mehta,Retailer,MINV-00105,2024-01-15,12541.1,12541.1,0.0,2024-01-10,10.0,Paid,15
AC000106,2024-01-31,2024,1,January,Q1,C005,Ajay Mehta,Retailer,MINV-00106,2024-02-15,29300.17,6747.25,22552.92,,,Overdue,15
AC000107,2024-02-29,2024,2,February,Q1,C005,Ajay Mehta,Retailer,MINV-00107,2024-03-15,74030.9,74030.9,0.0,2024-03-17,17.0,Paid Late,15
AC000108,2024-03-31,2024,3,March,Q1,C005,Ajay Mehta,Retailer,MINV-00108,2024-04-15,32827.83,32827.83,0.0,2024-04-16,16.0,Paid Late,15
AC000109,2024-04-30,2024,4,April,Q2,C005,Ajay Mehta,Retailer,MINV-00109,2024-05-15,25148.57,25148.57,0.0,2024-05-14,14.0,Paid,15
AC000110,2024-05-31,2024,5,May,Q2,C005,Ajay Mehta,Retailer,MINV-00110,2024-06-15,61375.68,61375.68,0.0,2024-06-06,6.0,Paid,15
AC000111,2024-06-30,2024,6,June,Q2,C005,Ajay Mehta,Retailer,MINV-00111,2024-07-15,19407.58,9013.43,10394.15,,,Overdue,15
AC000112,2024-07-31,2024,7,July,Q3,C005,Ajay Mehta,Retailer,MINV-00112,2024-08-15,24483.5,24483.5,0.0,2024-08-11,11.0,Paid,15
AC000113,2024-08-31,2024,8,August,Q3,C005,Ajay Mehta,Retailer,MINV-00113,2024-09-15,24753.73,10714.53,14039.2,,,Overdue,15
AC000114,2024-09-30,2024,9,September,Q3,C005,Ajay Mehta,Retailer,MINV-00114,2024-10-15,37346.95,37346.95,0.0,2024-10-11,11.0,Paid,15
AC000115,2024-10-31,2024,10,October,Q4,C005,Ajay Mehta,Retailer,MINV-00115,2024-11-15,21676.97,21676.97,0.0,2024-11-16,16.0,Paid Late,15
AC000116,2024-11-30,2024,11,November,Q4,C005,Ajay Mehta,Retailer,MINV-00116,2024-12-15,44618.23,44618.23,0.0,2024-12-13,13.0,Paid,15
AC000117,2024-12-31,2024,12,December,Q4,C005,Ajay Mehta,Retailer,MINV-00117,2025-01-15,52497.65,52497.65,0.0,2025-01-11,11.0,Paid,15
AC000118,2025-01-31,2025,1,January,Q1,C005,Ajay Mehta,Retailer,MINV-00118,2025-02-15,25916.29,25916.29,0.0,2025-02-10,10.0,Paid,15
AC000119,2025-02-28,2025,2,February,Q1,C005,Ajay Mehta,Retailer,MINV-00119,2025-03-15,17784.86,17784.86,0.0,2025-03-11,11.0,Paid,15
AC000120,2025-03-31,2025,3,March,Q1,C005,Ajay Mehta,Retailer,MINV-00120,2025-04-15,33586.64,33586.64,0.0,2025-04-03,3.0,Paid,15
AC000121,2023-04-30,2023,4,April,Q2,C006,Rajesh Mittal,Retailer,MINV-00121,2023-05-15,37161.45,2764.09,34397.36,,,Overdue,15
AC000122,2023-05-31,2023,5,May,Q2,C006,Rajesh Mittal,Retailer,MINV-00122,2023-06-15,25500.27,25500.27,0.0,2023-06-18,18.0,Paid Late,15
AC000123,2023-06-30,2023,6,June,Q2,C006,Rajesh Mittal,Retailer,MINV-00123,2023-07-15,14547.17,14547.17,0.0,2023-07-09,9.0,Paid,15
AC000124,2023-07-31,2023,7,July,Q3,C006,Rajesh Mittal,Retailer,MINV-00124,2023-08-15,20116.41,20116.41,0.0,2023-08-03,3.0,Paid,15
AC000125,2023-08-31,2023,8,August,Q3,C006,Rajesh Mittal,Retailer,MINV-00125,2023-09-15,51673.69,51673.69,0.0,2023-09-07,7.0,Paid,15
AC000126,2023-09-30,2023,9,September,Q3,C006,Rajesh Mittal,Retailer,MINV-00126,2023-10-15,32391.53,32391.53,0.0,2023-10-08,8.0,Paid,15
AC000127,2023-10-31,2023,10,October,Q4,C006,Rajesh Mittal,Retailer,MINV-00127,2023-11-15,41201.38,41201.38,0.0,2023-11-10,10.0,Paid,15
AC000128,2023-11-30,2023,11,November,Q4,C006,Rajesh Mittal,Retailer,MINV-00128,2023-12-15,54599.06,54599.06,0.0,2023-12-18,18.0,Paid Late,15
AC000129,2023-12-31,2023,12,December,Q4,C006,Rajesh Mittal,Retailer,MINV-00129,2024-01-15,52591.29,13064.15,39527.14,,,Overdue,15
AC000130,2024-01-31,2024,1,January,Q1,C006,Rajesh Mittal,Retailer,MINV-00130,2024-02-15,34253.52,34253.52,0.0,2024-02-06,6.0,Paid,15
AC000131,2024-02-29,2024,2,February,Q1,C006,Rajesh Mittal,Retailer,MINV-00131,2024-03-15,29549.37,5782.92,23766.45,,,Overdue,15
AC000132,2024-03-31,2024,3,March,Q1,C006,Rajesh Mittal,Retailer,MINV-00132,2024-04-15,29894.49,29894.49,0.0,2024-04-20,20.0,Paid Late,15
AC000133,2024-04-30,2024,4,April,Q2,C006,Rajesh Mittal,Retailer,MINV-00133,2024-05-15,44711.58,19752.23,24959.35,,,Overdue,15
AC000134,2024-05-31,2024,5,May,Q2,C006,Rajesh Mittal,Retailer,MINV-00134,2024-06-15,29327.88,29327.88,0.0,2024-06-10,10.0,Paid,15
AC000135,2024-06-30,2024,6,June,Q2,C006,Rajesh Mittal,Retailer,MINV-00135,2024-07-15,34779.9,34779.9,0.0,2024-07-11,11.0,Paid,15
AC000136,2024-07-31,2024,7,July,Q3,C006,Rajesh Mittal,Retailer,MINV-00136,2024-08-15,38739.98,38739.98,0.0,2024-08-16,16.0,Paid Late,15
AC000137,2024-08-31,2024,8,August,Q3,C006,Rajesh Mittal,Retailer,MINV-00137,2024-09-15,31615.09,31615.09,0.0,2024-09-13,13.0,Paid,15
AC000138,2024-09-30,2024,9,September,Q3,C006,Rajesh Mittal,Retailer,MINV-00138,2024-10-15,16717.94,16717.94,0.0,2024-10-07,7.0,Paid,15
AC000139,2024-10-31,2024,10,October,Q4,C006,Rajesh Mittal,Retailer,MINV-00139,2024-11-15,42901.65,42901.65,0.0,2024-11-13,13.0,Paid,15
AC000140,2024-11-30,2024,11,November,Q4,C006,Rajesh Mittal,Retailer,MINV-00140,2024-12-15,45631.5,45631.5,0.0,2024-12-08,8.0,Paid,15
AC000141,2024-12-31,2024,12,December,Q4,C006,Rajesh Mittal,Retailer,MINV-00141,2025-01-15,62747.31,62747.31,0.0,2025-01-18,18.0,Paid Late,15
AC000142,2025-01-31,2025,1,January,Q1,C006,Rajesh Mittal,Retailer,MINV-00142,2025-02-15,38544.28,38544.28,0.0,2025-02-20,20.0,Paid Late,15
AC000143,2025-02-28,2025,2,February,Q1,C006,Rajesh Mittal,Retailer,MINV-00143,2025-03-15,25809.43,25809.43,0.0,2025-03-06,6.0,Paid,15
AC000144,2025-03-31,2025,3,March,Q1,C006,Rajesh Mittal,Retailer,MINV-00144,2025-04-15,44863.52,18447.56,26415.96,,,Overdue,15
AC000145,2023-04-30,2023,4,April,Q2,C007,Lokesh Trivedi,Hotel/Restaurant,MINV-00145,2023-05-15,28310.17,28310.17,0.0,2023-05-06,6.0,Paid,15
AC000146,2023-05-31,2023,5,May,Q2,C007,Lokesh Trivedi,Hotel/Restaurant,MINV-00146,2023-06-15,32852.13,32852.13,0.0,2023-06-07,7.0,Paid,15
AC000147,2023-06-30,2023,6,June,Q2,C007,Lokesh Trivedi,Hotel/Restaurant,MINV-00147,2023-07-15,47296.29,47296.29,0.0,2023-07-11,11.0,Paid,15
AC000148,2023-07-31,2023,7,July,Q3,C007,Lokesh Trivedi,Hotel/Restaurant,MINV-00148,2023-08-15,28669.93,28669.93,0.0,2023-08-13,13.0,Paid,15
AC000149,2023-08-31,2023,8,August,Q3,C007,Lokesh Trivedi,Hotel/Restaurant,MINV-00149,2023-09-15,34640.3,34640.3,0.0,2023-09-06,6.0,Paid,15
AC000150,2023-09-30,2023,9,September,Q3,C007,Lokesh Trivedi,Hotel/Restaurant,MINV-00150,2023-10-15,17588.13,17588.13,0.0,2023-10-11,11.0,Paid,15
AC000151,2023-10-31,2023,10,October,Q4,C007,Lokesh Trivedi,Hotel/Restaurant,MINV-00151,2023-11-15,23080.91,23080.91,0.0,2023-11-07,7.0,Paid,15
AC000152,2023-11-30,2023,11,November,Q4,C007,Lokesh Trivedi,Hotel/Restaurant,MINV-00152,2023-12-15,34396.11,34396.11,0.0,2023-12-11,11.0,Paid,15
AC000153,2023-12-31,2023,12,December,Q4,C007,Lokesh Trivedi,Hotel/Restaurant,MINV-00153,2024-01-15,26907.94,26907.94,0.0,2024-01-11,11.0,Paid,15
AC000154,2024-01-31,2024,1,January,Q1,C007,Lokesh Trivedi,Hotel/Restaurant,MINV-00154,2024-02-15,27069.54,27069.54,0.0,2024-02-11,11.0,Paid,15
AC000155,2024-02-29,2024,2,February,Q1,C007,Lokesh Trivedi,Hotel/Restaurant,MINV-00155,2024-03-15,40655.98,40655.98,0.0,2024-03-19,19.0,Paid Late,15
AC000156,2024-03-31,2024,3,March,Q1,C007,Lokesh Trivedi,Hotel/Restaurant,MINV-00156,2024-04-15,26300.51,26300.51,0.0,2024-04-11,11.0,Paid,15
AC000157,2024-04-30,2024,4,April,Q2,C007,Lokesh Trivedi,Hotel/Restaurant,MINV-00157,2024-05-15,32675.53,32675.53,0.0,2024-05-15,15.0,Paid,15
AC000158,2024-05-31,2024,5,May,Q2,C007,Lokesh Trivedi,Hotel/Restaurant,MINV-00158,2024-06-15,57013.93,57013.93,0.0,2024-06-09,9.0,Paid,15
AC000159,2024-06-30,2024,6,June,Q2,C007,Lokesh Trivedi,Hotel/Restaurant,MINV-00159,2024-07-15,22543.65,22543.65,0.0,2024-07-13,13.0,Paid,15
AC000160,2024-07-31,2024,7,July,Q3,C007,Lokesh Trivedi,Hotel/Restaurant,MINV-00160,2024-08-15,7627.77,7627.77,0.0,2024-08-14,14.0,Paid,15
AC000161,2024-08-31,2024,8,August,Q3,C007,Lokesh Trivedi,Hotel/Restaurant,MINV-00161,2024-09-15,22844.48,22844.48,0.0,2024-09-17,17.0,Paid Late,15
AC000162,2024-09-30,2024,9,September,Q3,C007,Lokesh Trivedi,Hotel/Restaurant,MINV-00162,2024-10-15,26789.62,10356.89,16432.73,,,Overdue,15
AC000163,2024-10-31,2024,10,October,Q4,C007,Lokesh Trivedi,Hotel/Restaurant,MINV-00163,2024-11-15,4787.23,4787.23,0.0,2024-11-07,7.0,Paid,15
AC000164,2024-11-30,2024,11,November,Q4,C007,Lokesh Trivedi,Hotel/Restaurant,MINV-00164,2024-12-15,31732.34,14499.63,17232.71,,,Overdue,15
AC000165,2024-12-31,2024,12,December,Q4,C007,Lokesh Trivedi,Hotel/Restaurant,MINV-00165,2025-01-15,29881.01,11695.56,18185.45,,,Overdue,15
AC000166,2025-01-31,2025,1,January,Q1,C007,Lokesh Trivedi,Hotel/Restaurant,MINV-00166,2025-02-15,18414.59,18414.59,0.0,2025-02-14,14.0,Paid,15
AC000167,2025-02-28,2025,2,February,Q1,C007,Lokesh Trivedi,Hotel/Restaurant,MINV-00167,2025-03-15,27116.2,27116.2,0.0,2025-03-11,11.0,Paid,15
AC000168,2025-03-31,2025,3,March,Q1,C007,Lokesh Trivedi,Hotel/Restaurant,MINV-00168,2025-04-15,12732.52,12732.52,0.0,2025-04-10,10.0,Paid,15
AC000169,2023-04-30,2023,4,April,Q2,C008,Ashok Nair,Retailer,MINV-00169,2023-05-15,43654.15,43654.15,0.0,2023-05-05,5.0,Paid,15
AC000170,2023-05-31,2023,5,May,Q2,C008,Ashok Nair,Retailer,MINV-00170,2023-06-15,22016.53,22016.53,0.0,2023-06-20,20.0,Paid Late,15
AC000171,2023-06-30,2023,6,June,Q2,C008,Ashok Nair,Retailer,MINV-00171,2023-07-15,45532.28,45532.28,0.0,2023-07-04,4.0,Paid,15
AC000172,2023-07-31,2023,7,July,Q3,C008,Ashok Nair,Retailer,MINV-00172,2023-08-15,18462.52,18462.52,0.0,2023-08-16,16.0,Paid Late,15
AC000173,2023-08-31,2023,8,August,Q3,C008,Ashok Nair,Retailer,MINV-00173,2023-09-15,25795.06,25795.06,0.0,2023-09-16,16.0,Paid Late,15
AC000174,2023-09-30,2023,9,September,Q3,C008,Ashok Nair,Retailer,MINV-00174,2023-10-15,38379.37,38379.37,0.0,2023-10-16,16.0,Paid Late,15
AC000175,2023-10-31,2023,10,October,Q4,C008,Ashok Nair,Retailer,MINV-00175,2023-11-15,46577.41,46577.41,0.0,2023-11-20,20.0,Paid Late,15
AC000176,2023-11-30,2023,11,November,Q4,C008,Ashok Nair,Retailer,MINV-00176,2023-12-15,26267.78,26267.78,0.0,2023-12-06,6.0,Paid,15
AC000177,2023-12-31,2023,12,December,Q4,C008,Ashok Nair,Retailer,MINV-00177,2024-01-15,19804.76,19804.76,0.0,2024-01-16,16.0,Paid Late,15
AC000178,2024-01-31,2024,1,January,Q1,C008,Ashok Nair,Retailer,MINV-00178,2024-02-15,19736.42,19736.42,0.0,2024-02-03,3.0,Paid,15
AC000179,2024-02-29,2024,2,February,Q1,C008,Ashok Nair,Retailer,MINV-00179,2024-03-15,19692.52,19692.52,0.0,2024-03-21,21.0,Paid Late,15
AC000180,2024-03-31,2024,3,March,Q1,C008,Ashok Nair,Retailer,MINV-00180,2024-04-15,41080.72,41080.72,0.0,2024-04-05,5.0,Paid,15
AC000181,2024-04-30,2024,4,April,Q2,C008,Ashok Nair,Retailer,MINV-00181,2024-05-15,47106.6,47106.6,0.0,2024-05-21,21.0,Paid Late,15
AC000182,2024-05-31,2024,5,May,Q2,C008,Ashok Nair,Retailer,MINV-00182,2024-06-15,27649.5,27649.5,0.0,2024-06-12,12.0,Paid,15
AC000183,2024-06-30,2024,6,June,Q2,C008,Ashok Nair,Retailer,MINV-00183,2024-07-15,31284.1,31284.1,0.0,2024-07-16,16.0,Paid Late,15
AC000184,2024-07-31,2024,7,July,Q3,C008,Ashok Nair,Retailer,MINV-00184,2024-08-15,39696.05,39696.05,0.0,2024-08-09,9.0,Paid,15
AC000185,2024-08-31,2024,8,August,Q3,C008,Ashok Nair,Retailer,MINV-00185,2024-09-15,39045.21,39045.21,0.0,2024-09-16,16.0,Paid Late,15
AC000186,2024-09-30,2024,9,September,Q3,C008,Ashok Nair,Retailer,MINV-00186,2024-10-15,21316.21,21316.21,0.0,2024-10-04,4.0,Paid,15
AC000187,2024-10-31,2024,10,October,Q4,C008,Ashok Nair,Retailer,MINV-00187,2024-11-15,66666.02,66666.02,0.0,2024-11-06,6.0,Paid,15
AC000188,2024-11-30,2024,11,November,Q4,C008,Ashok Nair,Retailer,MINV-00188,2024-12-15,73469.86,73469.86,0.0,2024-12-13,13.0,Paid,15
AC000189,2024-12-31,2024,12,December,Q4,C008,Ashok Nair,Retailer,MINV-00189,2025-01-15,28410.08,28410.08,0.0,2025-01-05,5.0,Paid,15
AC000190,2025-01-31,2025,1,January,Q1,C008,Ashok Nair,Retailer,MINV-00190,2025-02-15,14865.22,14865.22,0.0,2025-02-07,7.0,Paid,15
AC000191,2025-02-28,2025,2,February,Q1,C008,Ashok Nair,Retailer,MINV-00191,2025-03-15,31180.23,31180.23,0.0,2025-03-07,7.0,Paid,15
AC000192,2025-03-31,2025,3,March,Q1,C008,Ashok Nair,Retailer,MINV-00192,2025-04-15,26094.97,26094.97,0.0,2025-04-14,14.0,Paid,15
AC000193,2023-04-30,2023,4,April,Q2,C009,Rakesh Agarwal,Institutional,MINV-00193,2023-06-14,11116.2,11116.2,0.0,2023-06-13,44.0,Paid,45
AC000194,2023-05-31,2023,5,May,Q2,C009,Rakesh Agarwal,Institutional,MINV-00194,2023-07-15,28699.0,28699.0,0.0,2023-07-17,47.0,Paid Late,45
AC000195,2023-06-30,2023,6,June,Q2,C009,Rakesh Agarwal,Institutional,MINV-00195,2023-08-14,40033.2,40033.2,0.0,2023-07-24,24.0,Paid,45
AC000196,2023-07-31,2023,7,July,Q3,C009,Rakesh Agarwal,Institutional,MINV-00196,2023-09-14,26113.55,7068.78,19044.77,,,Overdue,45
AC000197,2023-08-31,2023,8,August,Q3,C009,Rakesh Agarwal,Institutional,MINV-00197,2023-10-15,29821.42,7167.66,22653.76,,,Overdue,45
AC000198,2023-09-30,2023,9,September,Q3,C009,Rakesh Agarwal,Institutional,MINV-00198,2023-11-14,29938.59,29938.59,0.0,2023-11-05,36.0,Paid,45
AC000199,2023-10-31,2023,10,October,Q4,C009,Rakesh Agarwal,Institutional,MINV-00199,2023-12-15,50934.7,50934.7,0.0,2023-12-04,34.0,Paid,45
AC000200,2023-11-30,2023,11,November,Q4,C009,Rakesh Agarwal,Institutional,MINV-00200,2024-01-14,43250.65,43250.65,0.0,2023-11-30,0.0,Paid,45
AC000201,2023-12-31,2023,12,December,Q4,C009,Rakesh Agarwal,Institutional,MINV-00201,2024-02-14,15546.73,15546.73,0.0,2024-02-06,37.0,Paid,45
AC000202,2024-01-31,2024,1,January,Q1,C009,Rakesh Agarwal,Institutional,MINV-00202,2024-03-16,28446.39,28446.39,0.0,2024-03-24,53.0,Paid Late,45
AC000203,2024-02-29,2024,2,February,Q1,C009,Rakesh Agarwal,Institutional,MINV-00203,2024-04-14,24712.67,24712.67,0.0,2024-03-26,26.0,Paid,45
AC000204,2024-03-31,2024,3,March,Q1,C009,Rakesh Agarwal,Institutional,MINV-00204,2024-05-15,17728.02,17728.02,0.0,2024-06-07,68.0,Paid Late,45
AC000205,2024-04-30,2024,4,April,Q2,C009,Rakesh Agarwal,Institutional,MINV-00205,2024-06-14,23534.55,23534.55,0.0,2024-05-29,29.0,Paid,45
AC000206,2024-05-31,2024,5,May,Q2,C009,Rakesh Agarwal,Institutional,MINV-00206,2024-07-15,34093.55,34093.55,0.0,2024-07-05,35.0,Paid,45
AC000207,2024-06-30,2024,6,June,Q2,C009,Rakesh Agarwal,Institutional,MINV-00207,2024-08-14,27283.32,27283.32,0.0,2024-07-30,30.0,Paid,45
AC000208,2024-07-31,2024,7,July,Q3,C009,Rakesh Agarwal,Institutional,MINV-00208,2024-09-14,56447.7,6380.6,50067.1,,,Overdue,45
AC000209,2024-08-31,2024,8,August,Q3,C009,Rakesh Agarwal,Institutional,MINV-00209,2024-10-15,17875.85,17875.85,0.0,2024-09-30,30.0,Paid,45
AC000210,2024-09-30,2024,9,September,Q3,C009,Rakesh Agarwal,Institutional,MINV-00210,2024-11-14,15875.74,15875.74,0.0,2024-10-26,26.0,Paid,45
AC000211,2024-10-31,2024,10,October,Q4,C009,Rakesh Agarwal,Institutional,MINV-00211,2024-12-15,37960.91,37960.91,0.0,2024-11-23,23.0,Paid,45
AC000212,2024-11-30,2024,11,November,Q4,C009,Rakesh Agarwal,Institutional,MINV-00212,2025-01-14,74864.41,74864.41,0.0,2025-01-07,38.0,Paid,45
AC000213,2024-12-31,2024,12,December,Q4,C009,Rakesh Agarwal,Institutional,MINV-00213,2025-02-14,34963.75,34963.75,0.0,2025-02-23,54.0,Paid Late,45
AC000214,2025-01-31,2025,1,January,Q1,C009,Rakesh Agarwal,Institutional,MINV-00214,2025-03-17,40549.71,40549.71,0.0,2025-03-05,33.0,Paid,45
AC000215,2025-02-28,2025,2,February,Q1,C009,Rakesh Agarwal,Institutional,MINV-00215,2025-04-14,23153.07,23153.07,0.0,2025-03-18,18.0,Paid,45
AC000216,2025-03-31,2025,3,March,Q1,C009,Rakesh Agarwal,Institutional,MINV-00216,2025-05-15,51292.87,51292.87,0.0,2025-04-27,27.0,Paid,45
AC000217,2023-04-30,2023,4,April,Q2,C010,Yogesh Goyal,Retailer,MINV-00217,2023-05-15,30324.0,615.3,29708.7,,,Overdue,15
AC000218,2023-05-31,2023,5,May,Q2,C010,Yogesh Goyal,Retailer,MINV-00218,2023-06-15,50654.03,50654.03,0.0,2023-06-08,8.0,Paid,15
AC000219,2023-06-30,2023,6,June,Q2,C010,Yogesh Goyal,Retailer,MINV-00219,2023-07-15,33166.44,33166.44,0.0,2023-07-06,6.0,Paid,15
AC000220,2023-07-31,2023,7,July,Q3,C010,Yogesh Goyal,Retailer,MINV-00220,2023-08-15,27376.11,27376.11,0.0,2023-08-12,12.0,Paid,15
AC000221,2023-08-31,2023,8,August,Q3,C010,Yogesh Goyal,Retailer,MINV-00221,2023-09-15,15914.11,1714.93,14199.18,,,Overdue,15
AC000222,2023-09-30,2023,9,September,Q3,C010,Yogesh Goyal,Retailer,MINV-00222,2023-10-15,29974.99,29974.99,0.0,2023-10-12,12.0,Paid,15
AC000223,2023-10-31,2023,10,October,Q4,C010,Yogesh Goyal,Retailer,MINV-00223,2023-11-15,45939.87,45939.87,0.0,2023-11-16,16.0,Paid Late,15
AC000224,2023-11-30,2023,11,November,Q4,C010,Yogesh Goyal,Retailer,MINV-00224,2023-12-15,51004.93,51004.93,0.0,2023-12-05,5.0,Paid,15
AC000225,2023-12-31,2023,12,December,Q4,C010,Yogesh Goyal,Retailer,MINV-00225,2024-01-15,45465.75,45465.75,0.0,2024-01-07,7.0,Paid,15
AC000226,2024-01-31,2024,1,January,Q1,C010,Yogesh Goyal,Retailer,MINV-00226,2024-02-15,22997.26,22997.26,0.0,2024-02-20,20.0,Paid Late,15
AC000227,2024-02-29,2024,2,February,Q1,C010,Yogesh Goyal,Retailer,MINV-00227,2024-03-15,11593.59,11593.59,0.0,2024-03-10,10.0,Paid,15
AC000228,2024-03-31,2024,3,March,Q1,C010,Yogesh Goyal,Retailer,MINV-00228,2024-04-15,40748.85,40748.85,0.0,2024-04-19,19.0,Paid Late,15
AC000229,2024-04-30,2024,4,April,Q2,C010,Yogesh Goyal,Retailer,MINV-00229,2024-05-15,36485.52,36485.52,0.0,2024-05-06,6.0,Paid,15
AC000230,2024-05-31,2024,5,May,Q2,C010,Yogesh Goyal,Retailer,MINV-00230,2024-06-15,57875.23,57875.23,0.0,2024-06-13,13.0,Paid,15
AC000231,2024-06-30,2024,6,June,Q2,C010,Yogesh Goyal,Retailer,MINV-00231,2024-07-15,21167.45,21167.45,0.0,2024-07-13,13.0,Paid,15
AC000232,2024-07-31,2024,7,July,Q3,C010,Yogesh Goyal,Retailer,MINV-00232,2024-08-15,21406.8,21406.8,0.0,2024-08-07,7.0,Paid,15
AC000233,2024-08-31,2024,8,August,Q3,C010,Yogesh Goyal,Retailer,MINV-00233,2024-09-15,38162.57,38162.57,0.0,2024-09-11,11.0,Paid,15
AC000234,2024-09-30,2024,9,September,Q3,C010,Yogesh Goyal,Retailer,MINV-00234,2024-10-15,20317.93,20317.93,0.0,2024-10-03,3.0,Paid,15
AC000235,2024-10-31,2024,10,October,Q4,C010,Yogesh Goyal,Retailer,MINV-00235,2024-11-15,25428.2,5534.36,19893.84,,,Overdue,15
AC000236,2024-11-30,2024,11,November,Q4,C010,Yogesh Goyal,Retailer,MINV-00236,2024-12-15,22074.67,22074.67,0.0,2024-12-06,6.0,Paid,15
AC000237,2024-12-31,2024,12,December,Q4,C010,Yogesh Goyal,Retailer,MINV-00237,2025-01-15,43761.79,43761.79,0.0,2025-01-12,12.0,Paid,15
AC000238,2025-01-31,2025,1,January,Q1,C010,Yogesh Goyal,Retailer,MINV-00238,2025-02-15,39404.29,39404.29,0.0,2025-02-13,13.0,Paid,15
AC000239,2025-02-28,2025,2,February,Q1,C010,Yogesh Goyal,Retailer,MINV-00239,2025-03-15,22362.8,22362.8,0.0,2025-03-06,6.0,Paid,15
AC000240,2025-03-31,2025,3,March,Q1,C010,Yogesh Goyal,Retailer,MINV-00240,2025-04-15,23230.07,8088.43,15141.64,,,Overdue,15
AC000241,2023-04-30,2023,4,April,Q2,C011,Dinesh Yadav,Direct Consumer,MINV-00241,2023-04-30,18530.87,18530.87,0.0,2023-04-30,0.0,Paid,0
AC000242,2023-05-31,2023,5,May,Q2,C011,Dinesh Yadav,Direct Consumer,MINV-00242,2023-05-31,21254.82,21254.82,0.0,2023-05-31,0.0,Paid,0
AC000243,2023-06-30,2023,6,June,Q2,C011,Dinesh Yadav,Direct Consumer,MINV-00243,2023-06-30,15607.36,15607.36,0.0,2023-06-30,0.0,Paid,0
AC000244,2023-07-31,2023,7,July,Q3,C011,Dinesh Yadav,Direct Consumer,MINV-00244,2023-07-31,32745.94,32745.94,0.0,2023-07-31,0.0,Paid,0
AC000245,2023-08-31,2023,8,August,Q3,C011,Dinesh Yadav,Direct Consumer,MINV-00245,2023-08-31,46661.16,46661.16,0.0,2023-08-31,0.0,Paid,0
AC000246,2023-09-30,2023,9,September,Q3,C011,Dinesh Yadav,Direct Consumer,MINV-00246,2023-09-30,35263.14,35263.14,0.0,2023-09-30,0.0,Paid,0
AC000247,2023-10-31,2023,10,October,Q4,C011,Dinesh Yadav,Direct Consumer,MINV-00247,2023-10-31,26251.16,26251.16,0.0,2023-10-31,0.0,Paid,0
AC000248,2023-11-30,2023,11,November,Q4,C011,Dinesh Yadav,Direct Consumer,MINV-00248,2023-11-30,31003.27,31003.27,0.0,2023-11-30,0.0,Paid,0
AC000249,2023-12-31,2023,12,December,Q4,C011,Dinesh Yadav,Direct Consumer,MINV-00249,2023-12-31,67129.77,67129.77,0.0,2023-12-31,0.0,Paid,0
AC000250,2024-01-31,2024,1,January,Q1,C011,Dinesh Yadav,Direct Consumer,MINV-00250,2024-01-31,25278.36,25278.36,0.0,2024-01-31,0.0,Paid,0
AC000251,2024-02-29,2024,2,February,Q1,C011,Dinesh Yadav,Direct Consumer,MINV-00251,2024-02-29,10730.41,10730.41,0.0,2024-02-29,0.0,Paid,0
AC000252,2024-03-31,2024,3,March,Q1,C011,Dinesh Yadav,Direct Consumer,MINV-00252,2024-03-31,24628.46,24628.46,0.0,2024-03-31,0.0,Paid,0
AC000253,2024-04-30,2024,4,April,Q2,C011,Dinesh Yadav,Direct Consumer,MINV-00253,2024-04-30,38595.33,38595.33,0.0,2024-04-30,0.0,Paid,0
AC000254,2024-05-31,2024,5,May,Q2,C011,Dinesh Yadav,Direct Consumer,MINV-00254,2024-05-31,25612.2,25612.2,0.0,2024-05-31,0.0,Paid,0
AC000255,2024-06-30,2024,6,June,Q2,C011,Dinesh Yadav,Direct Consumer,MINV-00255,2024-06-30,50752.23,50752.23,0.0,2024-06-30,0.0,Paid,0
AC000256,2024-07-31,2024,7,July,Q3,C011,Dinesh Yadav,Direct Consumer,MINV-00256,2024-07-31,22503.2,22503.2,0.0,2024-07-31,0.0,Paid,0
AC000257,2024-08-31,2024,8,August,Q3,C011,Dinesh Yadav,Direct Consumer,MINV-00257,2024-08-31,39460.64,39460.64,0.0,2024-08-31,0.0,Paid,0
AC000258,2024-09-30,2024,9,September,Q3,C011,Dinesh Yadav,Direct Consumer,MINV-00258,2024-09-30,11319.96,11319.96,0.0,2024-09-30,0.0,Paid,0
AC000259,2024-10-31,2024,10,October,Q4,C011,Dinesh Yadav,Direct Consumer,MINV-00259,2024-10-31,43091.09,449.07,42642.02,,,Overdue,0
AC000260,2024-11-30,2024,11,November,Q4,C011,Dinesh Yadav,Direct Consumer,MINV-00260,2024-11-30,19611.86,19611.86,0.0,2024-11-30,0.0,Paid,0
AC000261,2024-12-31,2024,12,December,Q4,C011,Dinesh Yadav,Direct Consumer,MINV-00261,2024-12-31,40122.39,40122.39,0.0,2024-12-31,0.0,Paid,0
AC000262,2025-01-31,2025,1,January,Q1,C011,Dinesh Yadav,Direct Consumer,MINV-00262,2025-01-31,21621.87,21621.87,0.0,2025-01-31,0.0,Paid,0
AC000263,2025-02-28,2025,2,February,Q1,C011,Dinesh Yadav,Direct Consumer,MINV-00263,2025-02-28,23978.2,23978.2,0.0,2025-02-28,0.0,Paid,0
AC000264,2025-03-31,2025,3,March,Q1,C011,Dinesh Yadav,Direct Consumer,MINV-00264,2025-03-31,20328.36,20328.36,0.0,2025-03-31,0.0,Paid,0
AC000265,2023-04-30,2023,4,April,Q2,C012,Manoj Iyer,Retailer,MINV-00265,2023-05-15,4374.2,4374.2,0.0,2023-05-10,10.0,Paid,15
AC000266,2023-05-31,2023,5,May,Q2,C012,Manoj Iyer,Retailer,MINV-00266,2023-06-15,43582.91,43582.91,0.0,2023-06-08,8.0,Paid,15
AC000267,2023-06-30,2023,6,June,Q2,C012,Manoj Iyer,Retailer,MINV-00267,2023-07-15,13122.22,13122.22,0.0,2023-07-07,7.0,Paid,15
AC000268,2023-07-31,2023,7,July,Q3,C012,Manoj Iyer,Retailer,MINV-00268,2023-08-15,29323.01,29323.01,0.0,2023-08-14,14.0,Paid,15
AC000269,2023-08-31,2023,8,August,Q3,C012,Manoj Iyer,Retailer,MINV-00269,2023-09-15,54932.64,54932.64,0.0,2023-09-10,10.0,Paid,15
AC000270,2023-09-30,2023,9,September,Q3,C012,Manoj Iyer,Retailer,MINV-00270,2023-10-15,32985.45,13279.11,19706.34,,,Overdue,15
AC000271,2023-10-31,2023,10,October,Q4,C012,Manoj Iyer,Retailer,MINV-00271,2023-11-15,18929.47,18929.47,0.0,2023-11-17,17.0,Paid Late,15
AC000272,2023-11-30,2023,11,November,Q4,C012,Manoj Iyer,Retailer,MINV-00272,2023-12-15,34766.35,34766.35,0.0,2023-12-09,9.0,Paid,15
AC000273,2023-12-31,2023,12,December,Q4,C012,Manoj Iyer,Retailer,MINV-00273,2024-01-15,36957.74,36957.74,0.0,2024-01-12,12.0,Paid,15
AC000274,2024-01-31,2024,1,January,Q1,C012,Manoj Iyer,Retailer,MINV-00274,2024-02-15,41968.07,41968.07,0.0,2024-02-24,24.0,Paid Late,15
AC000275,2024-02-29,2024,2,February,Q1,C012,Manoj Iyer,Retailer,MINV-00275,2024-03-15,12959.58,12959.58,0.0,2024-03-14,14.0,Paid,15
AC000276,2024-03-31,2024,3,March,Q1,C012,Manoj Iyer,Retailer,MINV-00276,2024-04-15,35792.74,35792.74,0.0,2024-04-10,10.0,Paid,15
AC000277,2024-04-30,2024,4,April,Q2,C012,Manoj Iyer,Retailer,MINV-00277,2024-05-15,25132.19,25132.19,0.0,2024-05-16,16.0,Paid Late,15
AC000278,2024-05-31,2024,5,May,Q2,C012,Manoj Iyer,Retailer,MINV-00278,2024-06-15,45249.46,45249.46,0.0,2024-06-11,11.0,Paid,15
AC000279,2024-06-30,2024,6,June,Q2,C012,Manoj Iyer,Retailer,MINV-00279,2024-07-15,40601.98,40601.98,0.0,2024-07-14,14.0,Paid,15
AC000280,2024-07-31,2024,7,July,Q3,C012,Manoj Iyer,Retailer,MINV-00280,2024-08-15,15432.0,15432.0,0.0,2024-08-15,15.0,Paid,15
AC000281,2024-08-31,2024,8,August,Q3,C012,Manoj Iyer,Retailer,MINV-00281,2024-09-15,7873.52,7873.52,0.0,2024-09-15,15.0,Paid,15
AC000282,2024-09-30,2024,9,September,Q3,C012,Manoj Iyer,Retailer,MINV-00282,2024-10-15,25152.11,25152.11,0.0,2024-10-19,19.0,Paid Late,15
AC000283,2024-10-31,2024,10,October,Q4,C012,Manoj Iyer,Retailer,MINV-00283,2024-11-15,32644.84,32644.84,0.0,2024-11-12,12.0,Paid,15
AC000284,2024-11-30,2024,11,November,Q4,C012,Manoj Iyer,Retailer,MINV-00284,2024-12-15,32753.44,32753.44,0.0,2024-12-12,12.0,Paid,15
AC000285,2024-12-31,2024,12,December,Q4,C012,Manoj Iyer,Retailer,MINV-00285,2025-01-15,36398.44,10295.84,26102.6,,,Overdue,15
AC000286,2025-01-31,2025,1,January,Q1,C012,Manoj Iyer,Retailer,MINV-00286,2025-02-15,36663.46,36663.46,0.0,2025-02-08,8.0,Paid,15
AC000287,2025-02-28,2025,2,February,Q1,C012,Manoj Iyer,Retailer,MINV-00287,2025-03-15,29064.35,29064.35,0.0,2025-03-15,15.0,Paid,15
AC000288,2025-03-31,2025,3,March,Q1,C012,Manoj Iyer,Retailer,MINV-00288,2025-04-15,32777.58,32777.58,0.0,2025-04-11,11.0,Paid,15
AC000289,2023-04-30,2023,4,April,Q2,C013,Girish Thakur,Retailer,MINV-00289,2023-05-15,64775.49,64775.49,0.0,2023-05-14,14.0,Paid,15
AC000290,2023-05-31,2023,5,May,Q2,C013,Girish Thakur,Retailer,MINV-00290,2023-06-15,19040.15,19040.15,0.0,2023-06-09,9.0,Paid,15
AC000291,2023-06-30,2023,6,June,Q2,C013,Girish Thakur,Retailer,MINV-00291,2023-07-15,41418.24,41418.24,0.0,2023-07-17,17.0,Paid Late,15
AC000292,2023-07-31,2023,7,July,Q3,C013,Girish Thakur,Retailer,MINV-00292,2023-08-15,49460.9,49460.9,0.0,2023-08-10,10.0,Paid,15
AC000293,2023-08-31,2023,8,August,Q3,C013,Girish Thakur,Retailer,MINV-00293,2023-09-15,41688.15,41688.15,0.0,2023-09-11,11.0,Paid,15
AC000294,2023-09-30,2023,9,September,Q3,C013,Girish Thakur,Retailer,MINV-00294,2023-10-15,16350.11,16350.11,0.0,2023-10-06,6.0,Paid,15
AC000295,2023-10-31,2023,10,October,Q4,C013,Girish Thakur,Retailer,MINV-00295,2023-11-15,22203.95,22203.95,0.0,2023-11-06,6.0,Paid,15
AC000296,2023-11-30,2023,11,November,Q4,C013,Girish Thakur,Retailer,MINV-00296,2023-12-15,33626.64,33626.64,0.0,2023-12-14,14.0,Paid,15
AC000297,2023-12-31,2023,12,December,Q4,C013,Girish Thakur,Retailer,MINV-00297,2024-01-15,83371.35,83371.35,0.0,2024-01-13,13.0,Paid,15
AC000298,2024-01-31,2024,1,January,Q1,C013,Girish Thakur,Retailer,MINV-00298,2024-02-15,27828.21,27828.21,0.0,2024-02-14,14.0,Paid,15
AC000299,2024-02-29,2024,2,February,Q1,C013,Girish Thakur,Retailer,MINV-00299,2024-03-15,21993.26,21993.26,0.0,2024-03-19,19.0,Paid Late,15
AC000300,2024-03-31,2024,3,March,Q1,C013,Girish Thakur,Retailer,MINV-00300,2024-04-15,18340.54,410.2,17930.34,,,Overdue,15
AC000301,2024-04-30,2024,4,April,Q2,C013,Girish Thakur,Retailer,MINV-00301,2024-05-15,34769.34,34769.34,0.0,2024-05-12,12.0,Paid,15
AC000302,2024-05-31,2024,5,May,Q2,C013,Girish Thakur,Retailer,MINV-00302,2024-06-15,84076.58,84076.58,0.0,2024-06-18,18.0,Paid Late,15
AC000303,2024-06-30,2024,6,June,Q2,C013,Girish Thakur,Retailer,MINV-00303,2024-07-15,42686.96,42686.96,0.0,2024-07-08,8.0,Paid,15
AC000304,2024-07-31,2024,7,July,Q3,C013,Girish Thakur,Retailer,MINV-00304,2024-08-15,8235.06,8235.06,0.0,2024-08-15,15.0,Paid,15
AC000305,2024-08-31,2024,8,August,Q3,C013,Girish Thakur,Retailer,MINV-00305,2024-09-15,16242.07,16242.07,0.0,2024-09-15,15.0,Paid,15
AC000306,2024-09-30,2024,9,September,Q3,C013,Girish Thakur,Retailer,MINV-00306,2024-10-15,32709.74,32709.74,0.0,2024-10-18,18.0,Paid Late,15
AC000307,2024-10-31,2024,10,October,Q4,C013,Girish Thakur,Retailer,MINV-00307,2024-11-15,49314.68,49314.68,0.0,2024-11-18,18.0,Paid Late,15
AC000308,2024-11-30,2024,11,November,Q4,C013,Girish Thakur,Retailer,MINV-00308,2024-12-15,9360.9,9360.9,0.0,2024-12-12,12.0,Paid,15
AC000309,2024-12-31,2024,12,December,Q4,C013,Girish Thakur,Retailer,MINV-00309,2025-01-15,32470.26,2172.52,30297.74,,,Overdue,15
AC000310,2025-01-31,2025,1,January,Q1,C013,Girish Thakur,Retailer,MINV-00310,2025-02-15,38537.54,38537.54,0.0,2025-02-13,13.0,Paid,15
AC000311,2025-02-28,2025,2,February,Q1,C013,Girish Thakur,Retailer,MINV-00311,2025-03-15,25014.37,25014.37,0.0,2025-03-09,9.0,Paid,15
AC000312,2025-03-31,2025,3,March,Q1,C013,Girish Thakur,Retailer,MINV-00312,2025-04-15,29265.86,29265.86,0.0,2025-04-16,16.0,Paid Late,15
AC000313,2023-04-30,2023,4,April,Q2,C014,Deepak Dubey,Retailer,MINV-00313,2023-05-15,45715.01,45715.01,0.0,2023-05-14,14.0,Paid,15
AC000314,2023-05-31,2023,5,May,Q2,C014,Deepak Dubey,Retailer,MINV-00314,2023-06-15,25621.57,25621.57,0.0,2023-06-15,15.0,Paid,15
AC000315,2023-06-30,2023,6,June,Q2,C014,Deepak Dubey,Retailer,MINV-00315,2023-07-15,49348.26,49348.26,0.0,2023-07-14,14.0,Paid,15
AC000316,2023-07-31,2023,7,July,Q3,C014,Deepak Dubey,Retailer,MINV-00316,2023-08-15,18806.21,145.61,18660.6,,,Overdue,15
AC000317,2023-08-31,2023,8,August,Q3,C014,Deepak Dubey,Retailer,MINV-00317,2023-09-15,34491.07,34491.07,0.0,2023-09-10,10.0,Paid,15
AC000318,2023-09-30,2023,9,September,Q3,C014,Deepak Dubey,Retailer,MINV-00318,2023-10-15,43091.03,43091.03,0.0,2023-10-06,6.0,Paid,15
AC000319,2023-10-31,2023,10,October,Q4,C014,Deepak Dubey,Retailer,MINV-00319,2023-11-15,9179.9,9179.9,0.0,2023-11-17,17.0,Paid Late,15
AC000320,2023-11-30,2023,11,November,Q4,C014,Deepak Dubey,Retailer,MINV-00320,2023-12-15,66430.59,66430.59,0.0,2023-12-10,10.0,Paid,15
AC000321,2023-12-31,2023,12,December,Q4,C014,Deepak Dubey,Retailer,MINV-00321,2024-01-15,77323.67,77323.67,0.0,2024-01-14,14.0,Paid,15
AC000322,2024-01-31,2024,1,January,Q1,C014,Deepak Dubey,Retailer,MINV-00322,2024-02-15,8762.5,8762.5,0.0,2024-02-18,18.0,Paid Late,15
AC000323,2024-02-29,2024,2,February,Q1,C014,Deepak Dubey,Retailer,MINV-00323,2024-03-15,28847.72,28847.72,0.0,2024-03-19,19.0,Paid Late,15
AC000324,2024-03-31,2024,3,March,Q1,C014,Deepak Dubey,Retailer,MINV-00324,2024-04-15,26712.0,26712.0,0.0,2024-04-07,7.0,Paid,15
AC000325,2024-04-30,2024,4,April,Q2,C014,Deepak Dubey,Retailer,MINV-00325,2024-05-15,57039.41,57039.41,0.0,2024-05-11,11.0,Paid,15
AC000326,2024-05-31,2024,5,May,Q2,C014,Deepak Dubey,Retailer,MINV-00326,2024-06-15,56404.45,56404.45,0.0,2024-06-04,4.0,Paid,15
AC000327,2024-06-30,2024,6,June,Q2,C014,Deepak Dubey,Retailer,MINV-00327,2024-07-15,10440.96,4965.62,5475.34,,,Overdue,15
AC000328,2024-07-31,2024,7,July,Q3,C014,Deepak Dubey,Retailer,MINV-00328,2024-08-15,21904.92,21904.92,0.0,2024-08-08,8.0,Paid,15
AC000329,2024-08-31,2024,8,August,Q3,C014,Deepak Dubey,Retailer,MINV-00329,2024-09-15,18856.72,18856.72,0.0,2024-09-12,12.0,Paid,15
AC000330,2024-09-30,2024,9,September,Q3,C014,Deepak Dubey,Retailer,MINV-00330,2024-10-15,31145.24,31145.24,0.0,2024-10-11,11.0,Paid,15
AC000331,2024-10-31,2024,10,October,Q4,C014,Deepak Dubey,Retailer,MINV-00331,2024-11-15,55505.24,55505.24,0.0,2024-11-12,12.0,Paid,15
AC000332,2024-11-30,2024,11,November,Q4,C014,Deepak Dubey,Retailer,MINV-00332,2024-12-15,42349.02,42349.02,0.0,2024-12-09,9.0,Paid,15
AC000333,2024-12-31,2024,12,December,Q4,C014,Deepak Dubey,Retailer,MINV-00333,2025-01-15,28018.92,28018.92,0.0,2025-01-05,5.0,Paid,15
AC000334,2025-01-31,2025,1,January,Q1,C014,Deepak Dubey,Retailer,MINV-00334,2025-02-15,38903.2,38903.2,0.0,2025-02-12,12.0,Paid,15
AC000335,2025-02-28,2025,2,February,Q1,C014,Deepak Dubey,Retailer,MINV-00335,2025-03-15,6647.34,6647.34,0.0,2025-03-17,17.0,Paid Late,15
AC000336,2025-03-31,2025,3,March,Q1,C014,Deepak Dubey,Retailer,MINV-00336,2025-04-15,8811.11,8811.11,0.0,2025-04-08,8.0,Paid,15
AC000337,2023-04-30,2023,4,April,Q2,C015,Nitesh Kumar,Retailer,MINV-00337,2023-05-15,30126.77,30126.77,0.0,2023-05-12,12.0,Paid,15
AC000338,2023-05-31,2023,5,May,Q2,C015,Nitesh Kumar,Retailer,MINV-00338,2023-06-15,51346.67,11474.86,39871.81,,,Overdue,15
AC000339,2023-06-30,2023,6,June,Q2,C015,Nitesh Kumar,Retailer,MINV-00339,2023-07-15,20388.75,20388.75,0.0,2023-07-07,7.0,Paid,15
AC000340,2023-07-31,2023,7,July,Q3,C015,Nitesh Kumar,Retailer,MINV-00340,2023-08-15,29813.57,29813.57,0.0,2023-08-13,13.0,Paid,15
AC000341,2023-08-31,2023,8,August,Q3,C015,Nitesh Kumar,Retailer,MINV-00341,2023-09-15,22071.97,22071.97,0.0,2023-09-13,13.0,Paid,15
AC000342,2023-09-30,2023,9,September,Q3,C015,Nitesh Kumar,Retailer,MINV-00342,2023-10-15,17575.11,1483.71,16091.4,,,Overdue,15
AC000343,2023-10-31,2023,10,October,Q4,C015,Nitesh Kumar,Retailer,MINV-00343,2023-11-15,73113.01,73113.01,0.0,2023-11-14,14.0,Paid,15
AC000344,2023-11-30,2023,11,November,Q4,C015,Nitesh Kumar,Retailer,MINV-00344,2023-12-15,17272.76,17272.76,0.0,2023-12-16,16.0,Paid Late,15
AC000345,2023-12-31,2023,12,December,Q4,C015,Nitesh Kumar,Retailer,MINV-00345,2024-01-15,43356.19,43356.19,0.0,2024-01-10,10.0,Paid,15
AC000346,2024-01-31,2024,1,January,Q1,C015,Nitesh Kumar,Retailer,MINV-00346,2024-02-15,32752.93,32752.93,0.0,2024-02-09,9.0,Paid,15
AC000347,2024-02-29,2024,2,February,Q1,C015,Nitesh Kumar,Retailer,MINV-00347,2024-03-15,28735.04,28735.04,0.0,2024-03-07,7.0,Paid,15
AC000348,2024-03-31,2024,3,March,Q1,C015,Nitesh Kumar,Retailer,MINV-00348,2024-04-15,33540.29,33540.29,0.0,2024-04-05,5.0,Paid,15
AC000349,2024-04-30,2024,4,April,Q2,C015,Nitesh Kumar,Retailer,MINV-00349,2024-05-15,48852.84,48852.84,0.0,2024-05-09,9.0,Paid,15
AC000350,2024-05-31,2024,5,May,Q2,C015,Nitesh Kumar,Retailer,MINV-00350,2024-06-15,12385.05,12385.05,0.0,2024-06-02,2.0,Paid,15
AC000351,2024-06-30,2024,6,June,Q2,C015,Nitesh Kumar,Retailer,MINV-00351,2024-07-15,21849.47,21849.47,0.0,2024-07-15,15.0,Paid,15
AC000352,2024-07-31,2024,7,July,Q3,C015,Nitesh Kumar,Retailer,MINV-00352,2024-08-15,14972.03,14972.03,0.0,2024-08-18,18.0,Paid Late,15
AC000353,2024-08-31,2024,8,August,Q3,C015,Nitesh Kumar,Retailer,MINV-00353,2024-09-15,52107.31,52107.31,0.0,2024-09-16,16.0,Paid Late,15
AC000354,2024-09-30,2024,9,September,Q3,C015,Nitesh Kumar,Retailer,MINV-00354,2024-10-15,28338.13,28338.13,0.0,2024-10-18,18.0,Paid Late,15
AC000355,2024-10-31,2024,10,October,Q4,C015,Nitesh Kumar,Retailer,MINV-00355,2024-11-15,49171.98,49171.98,0.0,2024-11-12,12.0,Paid,15
AC000356,2024-11-30,2024,11,November,Q4,C015,Nitesh Kumar,Retailer,MINV-00356,2024-12-15,23971.66,23971.66,0.0,2024-12-15,15.0,Paid,15
AC000357,2024-12-31,2024,12,December,Q4,C015,Nitesh Kumar,Retailer,MINV-00357,2025-01-15,39501.73,39501.73,0.0,2025-01-08,8.0,Paid,15
AC000358,2025-01-31,2025,1,January,Q1,C015,Nitesh Kumar,Retailer,MINV-00358,2025-02-15,16295.36,16295.36,0.0,2025-02-05,5.0,Paid,15
AC000359,2025-02-28,2025,2,February,Q1,C015,Nitesh Kumar,Retailer,MINV-00359,2025-03-15,24304.07,24304.07,0.0,2025-03-16,16.0,Paid Late,15
AC000360,2025-03-31,2025,3,March,Q1,C015,Nitesh Kumar,Retailer,MINV-00360,2025-04-15,25116.05,8782.0,16334.05,,,Overdue,15
AC000361,2023-04-30,2023,4,April,Q2,C016,Umesh Chauhan,Hotel/Restaurant,MINV-00361,2023-05-15,60493.04,60493.04,0.0,2023-05-10,10.0,Paid,15
AC000362,2023-05-31,2023,5,May,Q2,C016,Umesh Chauhan,Hotel/Restaurant,MINV-00362,2023-06-15,21141.52,21141.52,0.0,2023-06-03,3.0,Paid,15
AC000363,2023-06-30,2023,6,June,Q2,C016,Umesh Chauhan,Hotel/Restaurant,MINV-00363,2023-07-15,29710.89,29710.89,0.0,2023-07-06,6.0,Paid,15
AC000364,2023-07-31,2023,7,July,Q3,C016,Umesh Chauhan,Hotel/Restaurant,MINV-00364,2023-08-15,24011.88,3278.01,20733.87,,,Overdue,15
AC000365,2023-08-31,2023,8,August,Q3,C016,Umesh Chauhan,Hotel/Restaurant,MINV-00365,2023-09-15,39313.57,39313.57,0.0,2023-09-09,9.0,Paid,15
AC000366,2023-09-30,2023,9,September,Q3,C016,Umesh Chauhan,Hotel/Restaurant,MINV-00366,2023-10-15,58094.01,58094.01,0.0,2023-10-15,15.0,Paid,15
AC000367,2023-10-31,2023,10,October,Q4,C016,Umesh Chauhan,Hotel/Restaurant,MINV-00367,2023-11-15,5640.82,5640.82,0.0,2023-11-12,12.0,Paid,15
AC000368,2023-11-30,2023,11,November,Q4,C016,Umesh Chauhan,Hotel/Restaurant,MINV-00368,2023-12-15,15038.74,2201.0,12837.74,,,Overdue,15
AC000369,2023-12-31,2023,12,December,Q4,C016,Umesh Chauhan,Hotel/Restaurant,MINV-00369,2024-01-15,21795.11,6019.95,15775.16,,,Overdue,15
AC000370,2024-01-31,2024,1,January,Q1,C016,Umesh Chauhan,Hotel/Restaurant,MINV-00370,2024-02-15,27828.07,5357.02,22471.05,,,Overdue,15
AC000371,2024-02-29,2024,2,February,Q1,C016,Umesh Chauhan,Hotel/Restaurant,MINV-00371,2024-03-15,19199.17,19199.17,0.0,2024-03-13,13.0,Paid,15
AC000372,2024-03-31,2024,3,March,Q1,C016,Umesh Chauhan,Hotel/Restaurant,MINV-00372,2024-04-15,30860.28,30860.28,0.0,2024-04-11,11.0,Paid,15
AC000373,2024-04-30,2024,4,April,Q2,C016,Umesh Chauhan,Hotel/Restaurant,MINV-00373,2024-05-15,15865.82,15865.82,0.0,2024-05-17,17.0,Paid Late,15
AC000374,2024-05-31,2024,5,May,Q2,C016,Umesh Chauhan,Hotel/Restaurant,MINV-00374,2024-06-15,25914.95,25914.95,0.0,2024-06-08,8.0,Paid,15
AC000375,2024-06-30,2024,6,June,Q2,C016,Umesh Chauhan,Hotel/Restaurant,MINV-00375,2024-07-15,30848.86,30848.86,0.0,2024-07-17,17.0,Paid Late,15
AC000376,2024-07-31,2024,7,July,Q3,C016,Umesh Chauhan,Hotel/Restaurant,MINV-00376,2024-08-15,24024.02,24024.02,0.0,2024-08-08,8.0,Paid,15
AC000377,2024-08-31,2024,8,August,Q3,C016,Umesh Chauhan,Hotel/Restaurant,MINV-00377,2024-09-15,11221.24,11221.24,0.0,2024-09-16,16.0,Paid Late,15
AC000378,2024-09-30,2024,9,September,Q3,C016,Umesh Chauhan,Hotel/Restaurant,MINV-00378,2024-10-15,31144.2,8570.74,22573.46,,,Overdue,15
AC000379,2024-10-31,2024,10,October,Q4,C016,Umesh Chauhan,Hotel/Restaurant,MINV-00379,2024-11-15,49071.33,49071.33,0.0,2024-11-21,21.0,Paid Late,15
AC000380,2024-11-30,2024,11,November,Q4,C016,Umesh Chauhan,Hotel/Restaurant,MINV-00380,2024-12-15,17317.96,17317.96,0.0,2024-12-06,6.0,Paid,15
AC000381,2024-12-31,2024,12,December,Q4,C016,Umesh Chauhan,Hotel/Restaurant,MINV-00381,2025-01-15,18946.84,18946.84,0.0,2025-01-14,14.0,Paid,15
AC000382,2025-01-31,2025,1,January,Q1,C016,Umesh Chauhan,Hotel/Restaurant,MINV-00382,2025-02-15,36457.41,36457.41,0.0,2025-02-16,16.0,Paid Late,15
AC000383,2025-02-28,2025,2,February,Q1,C016,Umesh Chauhan,Hotel/Restaurant,MINV-00383,2025-03-15,6209.92,6209.92,0.0,2025-03-16,16.0,Paid Late,15
AC000384,2025-03-31,2025,3,March,Q1,C016,Umesh Chauhan,Hotel/Restaurant,MINV-00384,2025-04-15,49841.36,8468.08,41373.28,,,Overdue,15
AC000385,2023-04-30,2023,4,April,Q2,C017,Kapil Joshi,Institutional,MINV-00385,2023-06-14,13604.22,13604.22,0.0,2023-06-21,52.0,Paid Late,45
AC000386,2023-05-31,2023,5,May,Q2,C017,Kapil Joshi,Institutional,MINV-00386,2023-07-15,39187.14,39187.14,0.0,2023-07-28,58.0,Paid Late,45
AC000387,2023-06-30,2023,6,June,Q2,C017,Kapil Joshi,Institutional,MINV-00387,2023-08-14,26831.58,26831.58,0.0,2023-07-12,12.0,Paid,45
AC000388,2023-07-31,2023,7,July,Q3,C017,Kapil Joshi,Institutional,MINV-00388,2023-09-14,23351.59,23351.59,0.0,2023-09-01,32.0,Paid,45
AC000389,2023-08-31,2023,8,August,Q3,C017,Kapil Joshi,Institutional,MINV-00389,2023-10-15,16618.23,16618.23,0.0,2023-10-22,52.0,Paid Late,45
AC000390,2023-09-30,2023,9,September,Q3,C017,Kapil Joshi,Institutional,MINV-00390,2023-11-14,48226.6,48226.6,0.0,2023-11-04,35.0,Paid,45
AC000391,2023-10-31,2023,10,October,Q4,C017,Kapil Joshi,Institutional,MINV-00391,2023-12-15,59903.07,59903.07,0.0,2023-11-28,28.0,Paid,45
AC000392,2023-11-30,2023,11,November,Q4,C017,Kapil Joshi,Institutional,MINV-00392,2024-01-14,21718.25,1142.65,20575.6,,,Overdue,45
AC000393,2023-12-31,2023,12,December,Q4,C017,Kapil Joshi,Institutional,MINV-00393,2024-02-14,8774.17,8774.17,0.0,2024-02-13,44.0,Paid,45
AC000394,2024-01-31,2024,1,January,Q1,C017,Kapil Joshi,Institutional,MINV-00394,2024-03-16,50085.4,50085.4,0.0,2024-03-03,32.0,Paid,45
AC000395,2024-02-29,2024,2,February,Q1,C017,Kapil Joshi,Institutional,MINV-00395,2024-04-14,37713.4,37713.4,0.0,2024-04-25,56.0,Paid Late,45
AC000396,2024-03-31,2024,3,March,Q1,C017,Kapil Joshi,Institutional,MINV-00396,2024-05-15,28530.96,28530.96,0.0,2024-05-02,32.0,Paid,45
AC000397,2024-04-30,2024,4,April,Q2,C017,Kapil Joshi,Institutional,MINV-00397,2024-06-14,44562.62,44562.62,0.0,2024-06-10,41.0,Paid,45
AC000398,2024-05-31,2024,5,May,Q2,C017,Kapil Joshi,Institutional,MINV-00398,2024-07-15,18996.95,18996.95,0.0,2024-07-04,34.0,Paid,45
AC000399,2024-06-30,2024,6,June,Q2,C017,Kapil Joshi,Institutional,MINV-00399,2024-08-14,30537.22,30537.22,0.0,2024-07-14,14.0,Paid,45
AC000400,2024-07-31,2024,7,July,Q3,C017,Kapil Joshi,Institutional,MINV-00400,2024-09-14,26125.65,26125.65,0.0,2024-09-03,34.0,Paid,45
AC000401,2024-08-31,2024,8,August,Q3,C017,Kapil Joshi,Institutional,MINV-00401,2024-10-15,41628.48,41628.48,0.0,2024-10-17,47.0,Paid Late,45
AC000402,2024-09-30,2024,9,September,Q3,C017,Kapil Joshi,Institutional,MINV-00402,2024-11-14,32717.7,32717.7,0.0,2024-11-04,35.0,Paid,45
AC000403,2024-10-31,2024,10,October,Q4,C017,Kapil Joshi,Institutional,MINV-00403,2024-12-15,25194.5,25194.5,0.0,2024-11-17,17.0,Paid,45
AC000404,2024-11-30,2024,11,November,Q4,C017,Kapil Joshi,Institutional,MINV-00404,2025-01-14,57113.63,57113.63,0.0,2024-12-15,15.0,Paid,45
AC000405,2024-12-31,2024,12,December,Q4,C017,Kapil Joshi,Institutional,MINV-00405,2025-02-14,23740.61,23740.61,0.0,2025-01-21,21.0,Paid,45
AC000406,2025-01-31,2025,1,January,Q1,C017,Kapil Joshi,Institutional,MINV-00406,2025-03-17,41514.92,41514.92,0.0,2025-03-21,49.0,Paid Late,45
AC000407,2025-02-28,2025,2,February,Q1,C017,Kapil Joshi,Institutional,MINV-00407,2025-04-14,17795.59,17795.59,0.0,2025-04-13,44.0,Paid,45
AC000408,2025-03-31,2025,3,March,Q1,C017,Kapil Joshi,Institutional,MINV-00408,2025-05-15,16135.85,7449.35,8686.5,,,Overdue,45
AC000409,2023-04-30,2023,4,April,Q2,C018,Mohit Shukla,Retailer,MINV-00409,2023-05-15,18237.79,18237.79,0.0,2023-05-11,11.0,Paid,15
AC000410,2023-05-31,2023,5,May,Q2,C018,Mohit Shukla,Retailer,MINV-00410,2023-06-15,27030.29,27030.29,0.0,2023-06-16,16.0,Paid Late,15
AC000411,2023-06-30,2023,6,June,Q2,C018,Mohit Shukla,Retailer,MINV-00411,2023-07-15,22582.68,22582.68,0.0,2023-07-04,4.0,Paid,15
AC000412,2023-07-31,2023,7,July,Q3,C018,Mohit Shukla,Retailer,MINV-00412,2023-08-15,30218.11,30218.11,0.0,2023-08-20,20.0,Paid Late,15
AC000413,2023-08-31,2023,8,August,Q3,C018,Mohit Shukla,Retailer,MINV-00413,2023-09-15,51371.45,51371.45,0.0,2023-09-17,17.0,Paid Late,15
AC000414,2023-09-30,2023,9,September,Q3,C018,Mohit Shukla,Retailer,MINV-00414,2023-10-15,21313.83,21313.83,0.0,2023-10-19,19.0,Paid Late,15
AC000415,2023-10-31,2023,10,October,Q4,C018,Mohit Shukla,Retailer,MINV-00415,2023-11-15,23787.49,23787.49,0.0,2023-11-11,11.0,Paid,15
AC000416,2023-11-30,2023,11,November,Q4,C018,Mohit Shukla,Retailer,MINV-00416,2023-12-15,39092.03,39092.03,0.0,2023-12-14,14.0,Paid,15
AC000417,2023-12-31,2023,12,December,Q4,C018,Mohit Shukla,Retailer,MINV-00417,2024-01-15,29113.81,29113.81,0.0,2024-01-08,8.0,Paid,15
AC000418,2024-01-31,2024,1,January,Q1,C018,Mohit Shukla,Retailer,MINV-00418,2024-02-15,44096.57,44096.57,0.0,2024-02-05,5.0,Paid,15
AC000419,2024-02-29,2024,2,February,Q1,C018,Mohit Shukla,Retailer,MINV-00419,2024-03-15,28833.4,28833.4,0.0,2024-03-13,13.0,Paid,15
AC000420,2024-03-31,2024,3,March,Q1,C018,Mohit Shukla,Retailer,MINV-00420,2024-04-15,31631.78,31631.78,0.0,2024-04-15,15.0,Paid,15
AC000421,2024-04-30,2024,4,April,Q2,C018,Mohit Shukla,Retailer,MINV-00421,2024-05-15,21579.89,21579.89,0.0,2024-05-13,13.0,Paid,15
AC000422,2024-05-31,2024,5,May,Q2,C018,Mohit Shukla,Retailer,MINV-00422,2024-06-15,36391.39,36391.39,0.0,2024-06-17,17.0,Paid Late,15
AC000423,2024-06-30,2024,6,June,Q2,C018,Mohit Shukla,Retailer,MINV-00423,2024-07-15,43719.65,43719.65,0.0,2024-07-09,9.0,Paid,15
AC000424,2024-07-31,2024,7,July,Q3,C018,Mohit Shukla,Retailer,MINV-00424,2024-08-15,24369.25,7791.03,16578.22,,,Overdue,15
AC000425,2024-08-31,2024,8,August,Q3,C018,Mohit Shukla,Retailer,MINV-00425,2024-09-15,48078.27,48078.27,0.0,2024-09-15,15.0,Paid,15
AC000426,2024-09-30,2024,9,September,Q3,C018,Mohit Shukla,Retailer,MINV-00426,2024-10-15,24683.36,5935.12,18748.24,,,Overdue,15
AC000427,2024-10-31,2024,10,October,Q4,C018,Mohit Shukla,Retailer,MINV-00427,2024-11-15,14663.08,14663.08,0.0,2024-11-16,16.0,Paid Late,15
AC000428,2024-11-30,2024,11,November,Q4,C018,Mohit Shukla,Retailer,MINV-00428,2024-12-15,22780.7,22780.7,0.0,2024-12-15,15.0,Paid,15
AC000429,2024-12-31,2024,12,December,Q4,C018,Mohit Shukla,Retailer,MINV-00429,2025-01-15,43828.62,43828.62,0.0,2025-01-18,18.0,Paid Late,15
AC000430,2025-01-31,2025,1,January,Q1,C018,Mohit Shukla,Retailer,MINV-00430,2025-02-15,21715.83,21715.83,0.0,2025-01-31,0.0,Paid,15
AC000431,2025-02-28,2025,2,February,Q1,C018,Mohit Shukla,Retailer,MINV-00431,2025-03-15,28685.6,28685.6,0.0,2025-03-17,17.0,Paid Late,15
AC000432,2025-03-31,2025,3,March,Q1,C018,Mohit Shukla,Retailer,MINV-00432,2025-04-15,26626.81,26626.81,0.0,2025-04-08,8.0,Paid,15
AC000433,2023-04-30,2023,4,April,Q2,C019,Kamlesh Shah,Wholesaler,MINV-00433,2023-05-30,12084.74,12084.74,0.0,2023-05-06,6.0,Paid,30
AC000434,2023-05-31,2023,5,May,Q2,C019,Kamlesh Shah,Wholesaler,MINV-00434,2023-06-30,36766.22,36766.22,0.0,2023-06-28,28.0,Paid,30
AC000435,2023-06-30,2023,6,June,Q2,C019,Kamlesh Shah,Wholesaler,MINV-00435,2023-07-30,40049.58,40049.58,0.0,2023-07-26,26.0,Paid,30
AC000436,2023-07-31,2023,7,July,Q3,C019,Kamlesh Shah,Wholesaler,MINV-00436,2023-08-30,32811.86,32811.86,0.0,2023-08-18,18.0,Paid,30
AC000437,2023-08-31,2023,8,August,Q3,C019,Kamlesh Shah,Wholesaler,MINV-00437,2023-09-30,26992.29,26992.29,0.0,2023-09-17,17.0,Paid,30
AC000438,2023-09-30,2023,9,September,Q3,C019,Kamlesh Shah,Wholesaler,MINV-00438,2023-10-30,57000.48,57000.48,0.0,2023-11-01,32.0,Paid Late,30
AC000439,2023-10-31,2023,10,October,Q4,C019,Kamlesh Shah,Wholesaler,MINV-00439,2023-11-30,11578.47,11578.47,0.0,2023-11-26,26.0,Paid,30
AC000440,2023-11-30,2023,11,November,Q4,C019,Kamlesh Shah,Wholesaler,MINV-00440,2023-12-30,36145.84,36145.84,0.0,2023-12-30,30.0,Paid,30
AC000441,2023-12-31,2023,12,December,Q4,C019,Kamlesh Shah,Wholesaler,MINV-00441,2024-01-30,44119.28,19075.75,25043.53,,,Overdue,30
AC000442,2024-01-31,2024,1,January,Q1,C019,Kamlesh Shah,Wholesaler,MINV-00442,2024-03-01,29405.6,29405.6,0.0,2024-03-01,30.0,Paid,30
AC000443,2024-02-29,2024,2,February,Q1,C019,Kamlesh Shah,Wholesaler,MINV-00443,2024-03-30,18441.77,18441.77,0.0,2024-03-24,24.0,Paid,30
AC000444,2024-03-31,2024,3,March,Q1,C019,Kamlesh Shah,Wholesaler,MINV-00444,2024-04-30,18233.99,18233.99,0.0,2024-04-14,14.0,Paid,30
AC000445,2024-04-30,2024,4,April,Q2,C019,Kamlesh Shah,Wholesaler,MINV-00445,2024-05-30,20052.95,20052.95,0.0,2024-06-01,32.0,Paid Late,30
AC000446,2024-05-31,2024,5,May,Q2,C019,Kamlesh Shah,Wholesaler,MINV-00446,2024-06-30,49853.2,49853.2,0.0,2024-06-28,28.0,Paid,30
AC000447,2024-06-30,2024,6,June,Q2,C019,Kamlesh Shah,Wholesaler,MINV-00447,2024-07-30,44642.47,44642.47,0.0,2024-08-01,32.0,Paid Late,30
AC000448,2024-07-31,2024,7,July,Q3,C019,Kamlesh Shah,Wholesaler,MINV-00448,2024-08-30,27828.65,27828.65,0.0,2024-08-12,12.0,Paid,30
AC000449,2024-08-31,2024,8,August,Q3,C019,Kamlesh Shah,Wholesaler,MINV-00449,2024-09-30,24344.41,24344.41,0.0,2024-10-02,32.0,Paid Late,30
AC000450,2024-09-30,2024,9,September,Q3,C019,Kamlesh Shah,Wholesaler,MINV-00450,2024-10-30,23475.0,10086.71,13388.29,,,Overdue,30
AC000451,2024-10-31,2024,10,October,Q4,C019,Kamlesh Shah,Wholesaler,MINV-00451,2024-11-30,39126.72,39126.72,0.0,2024-11-17,17.0,Paid,30
AC000452,2024-11-30,2024,11,November,Q4,C019,Kamlesh Shah,Wholesaler,MINV-00452,2024-12-30,9140.03,9140.03,0.0,2024-12-18,18.0,Paid,30
AC000453,2024-12-31,2024,12,December,Q4,C019,Kamlesh Shah,Wholesaler,MINV-00453,2025-01-30,33779.86,33779.86,0.0,2025-01-23,23.0,Paid,30
AC000454,2025-01-31,2025,1,January,Q1,C019,Kamlesh Shah,Wholesaler,MINV-00454,2025-03-02,31052.53,31052.53,0.0,2025-02-25,25.0,Paid,30
AC000455,2025-02-28,2025,2,February,Q1,C019,Kamlesh Shah,Wholesaler,MINV-00455,2025-03-30,15622.78,15622.78,0.0,2025-03-19,19.0,Paid,30
AC000456,2025-03-31,2025,3,March,Q1,C019,Kamlesh Shah,Wholesaler,MINV-00456,2025-04-30,23874.56,23874.56,0.0,2025-04-11,11.0,Paid,30
AC000457,2023-04-30,2023,4,April,Q2,C020,Pramod Pandey,Hotel/Restaurant,MINV-00457,2023-05-15,46801.47,16878.19,29923.28,,,Overdue,15
AC000458,2023-05-31,2023,5,May,Q2,C020,Pramod Pandey,Hotel/Restaurant,MINV-00458,2023-06-15,24163.54,24163.54,0.0,2023-06-19,19.0,Paid Late,15
AC000459,2023-06-30,2023,6,June,Q2,C020,Pramod Pandey,Hotel/Restaurant,MINV-00459,2023-07-15,33429.54,33429.54,0.0,2023-07-11,11.0,Paid,15
AC000460,2023-07-31,2023,7,July,Q3,C020,Pramod Pandey,Hotel/Restaurant,MINV-00460,2023-08-15,42499.53,1915.6,40583.93,,,Overdue,15
AC000461,2023-08-31,2023,8,August,Q3,C020,Pramod Pandey,Hotel/Restaurant,MINV-00461,2023-09-15,12902.27,12902.27,0.0,2023-08-31,0.0,Paid,15
AC000462,2023-09-30,2023,9,September,Q3,C020,Pramod Pandey,Hotel/Restaurant,MINV-00462,2023-10-15,13263.44,13263.44,0.0,2023-10-13,13.0,Paid,15
AC000463,2023-10-31,2023,10,October,Q4,C020,Pramod Pandey,Hotel/Restaurant,MINV-00463,2023-11-15,29962.97,4367.81,25595.16,,,Overdue,15
AC000464,2023-11-30,2023,11,November,Q4,C020,Pramod Pandey,Hotel/Restaurant,MINV-00464,2023-12-15,40268.44,40268.44,0.0,2023-12-05,5.0,Paid,15
AC000465,2023-12-31,2023,12,December,Q4,C020,Pramod Pandey,Hotel/Restaurant,MINV-00465,2024-01-15,30499.72,30499.72,0.0,2024-01-04,4.0,Paid,15
AC000466,2024-01-31,2024,1,January,Q1,C020,Pramod Pandey,Hotel/Restaurant,MINV-00466,2024-02-15,36316.47,4402.87,31913.6,,,Overdue,15
AC000467,2024-02-29,2024,2,February,Q1,C020,Pramod Pandey,Hotel/Restaurant,MINV-00467,2024-03-15,34400.8,34400.8,0.0,2024-02-29,0.0,Paid,15
AC000468,2024-03-31,2024,3,March,Q1,C020,Pramod Pandey,Hotel/Restaurant,MINV-00468,2024-04-15,32653.95,382.3,32271.65,,,Overdue,15
AC000469,2024-04-30,2024,4,April,Q2,C020,Pramod Pandey,Hotel/Restaurant,MINV-00469,2024-05-15,43256.28,43256.28,0.0,2024-05-14,14.0,Paid,15
AC000470,2024-05-31,2024,5,May,Q2,C020,Pramod Pandey,Hotel/Restaurant,MINV-00470,2024-06-15,29028.6,29028.6,0.0,2024-06-08,8.0,Paid,15
AC000471,2024-06-30,2024,6,June,Q2,C020,Pramod Pandey,Hotel/Restaurant,MINV-00471,2024-07-15,24056.08,11607.41,12448.67,,,Overdue,15
AC000472,2024-07-31,2024,7,July,Q3,C020,Pramod Pandey,Hotel/Restaurant,MINV-00472,2024-08-15,22673.37,22673.37,0.0,2024-08-13,13.0,Paid,15
AC000473,2024-08-31,2024,8,August,Q3,C020,Pramod Pandey,Hotel/Restaurant,MINV-00473,2024-09-15,35936.6,35936.6,0.0,2024-09-12,12.0,Paid,15
AC000474,2024-09-30,2024,9,September,Q3,C020,Pramod Pandey,Hotel/Restaurant,MINV-00474,2024-10-15,31378.17,31378.17,0.0,2024-10-08,8.0,Paid,15
AC000475,2024-10-31,2024,10,October,Q4,C020,Pramod Pandey,Hotel/Restaurant,MINV-00475,2024-11-15,15109.92,15109.92,0.0,2024-11-15,15.0,Paid,15
AC000476,2024-11-30,2024,11,November,Q4,C020,Pramod Pandey,Hotel/Restaurant,MINV-00476,2024-12-15,35672.57,35672.57,0.0,2024-12-13,13.0,Paid,15
AC000477,2024-12-31,2024,12,December,Q4,C020,Pramod Pandey,Hotel/Restaurant,MINV-00477,2025-01-15,29421.08,29421.08,0.0,2025-01-14,14.0,Paid,15
AC000478,2025-01-31,2025,1,January,Q1,C020,Pramod Pandey,Hotel/Restaurant,MINV-00478,2025-02-15,32851.26,32851.26,0.0,2025-02-07,7.0,Paid,15
AC000479,2025-02-28,2025,2,February,Q1,C020,Pramod Pandey,Hotel/Restaurant,MINV-00479,2025-03-15,33610.05,33610.05,0.0,2025-03-16,16.0,Paid Late,15
AC000480,2025-03-31,2025,3,March,Q1,C020,Pramod Pandey,Hotel/Restaurant,MINV-00480,2025-04-15,50659.37,50659.37,0.0,2025-04-04,4.0,Paid,15
AC000481,2023-04-30,2023,4,April,Q2,C021,Paresh Saxena,Retailer,MINV-00481,2023-05-15,29050.28,29050.28,0.0,2023-05-09,9.0,Paid,15
AC000482,2023-05-31,2023,5,May,Q2,C021,Paresh Saxena,Retailer,MINV-00482,2023-06-15,17025.16,17025.16,0.0,2023-06-08,8.0,Paid,15
AC000483,2023-06-30,2023,6,June,Q2,C021,Paresh Saxena,Retailer,MINV-00483,2023-07-15,27410.01,11385.7,16024.31,,,Overdue,15
AC000484,2023-07-31,2023,7,July,Q3,C021,Paresh Saxena,Retailer,MINV-00484,2023-08-15,30653.79,30653.79,0.0,2023-08-05,5.0,Paid,15
AC000485,2023-08-31,2023,8,August,Q3,C021,Paresh Saxena,Retailer,MINV-00485,2023-09-15,14915.94,4828.31,10087.63,,,Overdue,15
AC000486,2023-09-30,2023,9,September,Q3,C021,Paresh Saxena,Retailer,MINV-00486,2023-10-15,33388.0,33388.0,0.0,2023-10-12,12.0,Paid,15
AC000487,2023-10-31,2023,10,October,Q4,C021,Paresh Saxena,Retailer,MINV-00487,2023-11-15,8496.17,8496.17,0.0,2023-11-08,8.0,Paid,15
AC000488,2023-11-30,2023,11,November,Q4,C021,Paresh Saxena,Retailer,MINV-00488,2023-12-15,51842.8,51842.8,0.0,2023-12-09,9.0,Paid,15
AC000489,2023-12-31,2023,12,December,Q4,C021,Paresh Saxena,Retailer,MINV-00489,2024-01-15,56486.84,56486.84,0.0,2024-01-12,12.0,Paid,15
AC000490,2024-01-31,2024,1,January,Q1,C021,Paresh Saxena,Retailer,MINV-00490,2024-02-15,43073.94,3279.83,39794.11,,,Overdue,15
AC000491,2024-02-29,2024,2,February,Q1,C021,Paresh Saxena,Retailer,MINV-00491,2024-03-15,32978.59,32978.59,0.0,2024-03-16,16.0,Paid Late,15
AC000492,2024-03-31,2024,3,March,Q1,C021,Paresh Saxena,Retailer,MINV-00492,2024-04-15,14291.98,1813.1,12478.88,,,Overdue,15
AC000493,2024-04-30,2024,4,April,Q2,C021,Paresh Saxena,Retailer,MINV-00493,2024-05-15,22703.01,22703.01,0.0,2024-05-09,9.0,Paid,15
AC000494,2024-05-31,2024,5,May,Q2,C021,Paresh Saxena,Retailer,MINV-00494,2024-06-15,33949.46,33949.46,0.0,2024-06-14,14.0,Paid,15
AC000495,2024-06-30,2024,6,June,Q2,C021,Paresh Saxena,Retailer,MINV-00495,2024-07-15,15156.45,15156.45,0.0,2024-07-03,3.0,Paid,15
AC000496,2024-07-31,2024,7,July,Q3,C021,Paresh Saxena,Retailer,MINV-00496,2024-08-15,36918.27,36918.27,0.0,2024-08-11,11.0,Paid,15
AC000497,2024-08-31,2024,8,August,Q3,C021,Paresh Saxena,Retailer,MINV-00497,2024-09-15,68295.25,68295.25,0.0,2024-09-11,11.0,Paid,15
AC000498,2024-09-30,2024,9,September,Q3,C021,Paresh Saxena,Retailer,MINV-00498,2024-10-15,52613.04,52613.04,0.0,2024-10-05,5.0,Paid,15
AC000499,2024-10-31,2024,10,October,Q4,C021,Paresh Saxena,Retailer,MINV-00499,2024-11-15,31390.11,31390.11,0.0,2024-11-07,7.0,Paid,15
AC000500,2024-11-30,2024,11,November,Q4,C021,Paresh Saxena,Retailer,MINV-00500,2024-12-15,59408.57,59408.57,0.0,2024-12-09,9.0,Paid,15
